day,queue,offered,abandoned,answered,answered_within,abandon_rate,service_level,roll_mean,roll_std,upper_band,is_anomaly
2026-01-25,Crisis,35,4,31,21,0.11428571428571428,0.6,,,,False
2026-01-26,Crisis,71,4,67,42,0.056338028169014086,0.5915492957746479,,,,False
2026-01-27,Crisis,85,4,81,52,0.047058823529411764,0.611764705882353,,,,False
2026-01-28,Crisis,75,1,74,43,0.013333333333333334,0.5733333333333334,,,,False
2026-01-29,Crisis,68,2,66,41,0.029411764705882353,0.6029411764705882,,,,False
2026-01-30,Crisis,72,5,67,44,0.06944444444444445,0.6111111111111112,0.05208553280467117,0.038496905144766,0.12907934309420316,False
2026-01-31,Crisis,37,1,36,21,0.02702702702702703,0.5675675675675675,0.054978684744633376,0.035154392804688454,0.12528747035401028,False
2026-02-01,Crisis,45,4,41,27,0.08888888888888889,0.6,0.05098559078497533,0.03378569283217202,0.11855697644931937,False
2026-02-02,Crisis,77,5,72,36,0.06493506493506493,0.4675324675324675,0.05572350304796452,0.0340292222050384,0.12378194745804133,False
2026-02-03,Crisis,81,5,76,48,0.06172839506172839,0.5925925925925926,0.056747009924309005,0.031979173931298066,0.12070535778690514,False
2026-02-04,Crisis,67,2,65,42,0.029850746268656716,0.6268656716417911,0.05724514843805095,0.03019137717355787,0.11762790278516669,False
2026-02-05,Crisis,85,2,83,53,0.023529411764705882,0.6235294117647059,0.05475474824083329,0.029809232707967297,0.11437321365676789,False
2026-02-06,Crisis,85,3,82,47,0.03529411764705882,0.5529411764705883,0.05215263686782268,0.02981712958146135,0.11178689603074538,False
2026-02-07,Crisis,37,3,34,19,0.08108108108108109,0.5135135135135135,0.05085582769699469,0.02892810163324328,0.10871203096348125,False
2026-02-08,Crisis,46,3,43,24,0.06521739130434782,0.5217391304347826,0.05301477436728657,0.028943355822150477,0.11090148601158753,False
2026-02-09,Crisis,65,5,60,38,0.07692307692307693,0.5846153846153846,0.049509894154331824,0.023391532308383218,0.09629295877109825,False
2026-02-10,Crisis,96,6,90,51,0.0625,0.53125,0.05098025477962203,0.024475609395691923,0.09993147357100587,False
2026-02-11,Crisis,86,9,77,37,0.10465116279069768,0.43023255813953487,0.052083195956092614,0.024632712952691448,0.1013486218614755,True
2026-02-12,Crisis,74,5,69,43,0.06756756756756757,0.581081081081081,0.05860589806019007,0.025651836644132352,0.10990957134845478,False
2026-02-13,Crisis,80,2,78,45,0.025,0.5625,0.06133131255031044,0.024302961392632494,0.10993723533557542,False
2026-02-14,Crisis,39,4,35,21,0.10256410256410256,0.5384615384615384,0.05815670937570727,0.026004864944176434,0.11016643926406014,False
2026-02-15,Crisis,33,2,31,20,0.06060606060606061,0.6060606060606061,0.06355221477121266,0.026871042117120957,0.11729429900545457,False
2026-02-16,Crisis,79,7,72,36,0.08860759493670886,0.45569620253164556,0.06153201275101065,0.02586396884911914,0.11325995044924893,False
2026-02-17,Crisis,89,6,83,58,0.06741573033707865,0.651685393258427,0.06322290775112807,0.02685826348140272,0.1169394347139335,False
2026-02-18,Crisis,68,0,68,50,0.0,0.7352941176470589,0.06362914598508165,0.026876924480782886,0.11738299494664742,False
2026-02-19,Crisis,68,1,67,38,0.014705882352941176,0.5588235294117647,0.061496949823034754,0.030678027953938446,0.12285300573091165,False
2026-02-20,Crisis,90,5,85,57,0.05555555555555555,0.6333333333333333,0.060866697722194406,0.03159496940201542,0.12405663652622526,False
2026-02-21,Crisis,40,1,39,20,0.025,0.5,0.06231394328708704,0.03078720425130368,0.1238883517896944,False
2026-02-22,Crisis,32,2,30,16,0.0625,0.5,0.05830815178129554,0.03178963434998219,0.12188742048125992,False
2026-02-23,Crisis,77,5,72,37,0.06493506493506493,0.4805194805194805,0.05811405240241354,0.03175247735230189,0.12161900710701731,False
2026-02-24,Crisis,69,2,67,38,0.028985507246376812,0.5507246376811594,0.057257765831841265,0.03136551176664764,0.11998878936513654,False
2026-02-25,Crisis,80,4,76,42,0.05,0.525,0.054863873492296746,0.03220242318638004,0.11926871986505683,False
2026-02-26,Crisis,72,3,69,45,0.041666666666666664,0.625,0.050960219007246906,0.02883973300966846,0.10863968502658383,False
2026-02-27,Crisis,63,2,61,38,0.031746031746031744,0.6031746031746031,0.049110154657182555,0.028521436413833208,0.10615302748484898,False
2026-02-28,Crisis,38,2,36,26,0.05263157894736842,0.6842105263157895,0.04959201406761339,0.028137168033661727,0.10586635013493684,False
2026-03-01,Crisis,43,2,41,24,0.046511627906976744,0.5581395348837209,0.04602540523784667,0.02372471924088246,0.0934748437196116,False
2026-03-02,Crisis,81,5,76,47,0.06172839506172839,0.5802469135802469,0.04501866004505497,0.023354560317181836,0.09172778067941864,False
2026-03-03,Crisis,86,2,84,44,0.023255813953488372,0.5116279069767442,0.043098717196842086,0.02041544440008489,0.08392960599701187,False
2026-03-04,Crisis,73,1,72,47,0.0136986301369863,0.6438356164383562,0.03994443745515706,0.019770618764115296,0.07948567498338766,False
2026-03-05,Crisis,83,4,79,43,0.04819277108433735,0.5180722891566265,0.040922911036370364,0.017891309305387484,0.07670552964714533,False
2026-03-06,Crisis,83,11,72,42,0.13253012048192772,0.5060240963855421,0.04331483166004152,0.016282852294417564,0.07588053624887664,True
2026-03-07,Crisis,40,1,39,27,0.025,0.675,0.0488130148690681,0.02886709439247088,0.10654720365400985,False
2026-03-08,Crisis,38,1,37,26,0.02631578947368421,0.6842105263157895,0.0488130148690681,0.02886709439247088,0.10654720365400985,False
2026-03-09,Crisis,81,5,76,45,0.06172839506172839,0.5555555555555556,0.04622842840290269,0.029165692662561436,0.10455981372802556,False
2026-03-10,Crisis,88,3,85,51,0.03409090909090909,0.5795454545454546,0.04599938055480723,0.0290197086948947,0.10403879794459663,False
2026-03-11,Crisis,87,6,81,53,0.06896551724137931,0.6091954022988506,0.046364052115130956,0.028820857055490937,0.10400576622611282,False
2026-03-12,Crisis,75,1,74,43,0.013333333333333334,0.5733333333333334,0.04771873191808662,0.029443893612770052,0.10660651914362673,False
2026-03-13,Crisis,81,3,78,49,0.037037037037037035,0.6049382716049383,0.045694922394277096,0.030832854849513532,0.10736063209330415,False
2026-03-14,Crisis,35,4,31,19,0.11428571428571428,0.5428571428571428,0.046072851343634626,0.030680778247948095,0.10743440783953082,True
2026-03-15,Crisis,28,1,27,17,0.03571428571428571,0.6071428571428571,0.05047671815351646,0.03570767334402143,0.12189206484155932,False
2026-03-16,Crisis,67,3,64,37,0.04477611940298507,0.5522388059701493,0.0497054794254671,0.035915898885466875,0.12153727719640085,False
2026-03-17,Crisis,90,5,85,47,0.05555555555555555,0.5222222222222223,0.04849460259269972,0.03576482401395665,0.12002425062061302,False
2026-03-18,Crisis,95,3,92,53,0.031578947368421054,0.5578947368421052,0.050801726992847386,0.03504605251614933,0.12089383202514606,False
2026-03-19,Crisis,76,4,72,39,0.05263157894736842,0.5131578947368421,0.05207889250937843,0.033896873802010216,0.11987264011339886,False
2026-03-20,Crisis,64,3,61,32,0.046875,0.5,0.05239595021388066,0.033878482915447046,0.12015291604477475,False
2026-03-21,Crisis,33,0,33,24,0.0,0.7272727272727273,0.04627772732231439,0.024815797369793544,0.09590932206190148,False
2026-03-22,Crisis,41,1,40,28,0.024390243902439025,0.6829268292682927,0.04449201303660011,0.02724525773450568,0.09898252850561147,False
2026-03-23,Crisis,71,3,68,42,0.04225352112676056,0.5915492957746479,0.044354474067225445,0.02734873654656716,0.09905194716035977,False
2026-03-24,Crisis,83,3,80,49,0.03614457831325301,0.5903614457831325,0.04296341164329918,0.026888465050748468,0.09674034174479612,False
2026-03-25,Crisis,85,5,80,47,0.058823529411764705,0.5529411764705883,0.04311010230203803,0.026841899105343764,0.09679390051272556,False
2026-03-26,Crisis,76,41,35,21,0.5394736842105263,0.27631578947368424,0.0423856745999227,0.026220074944837735,0.09482582448959817,True
2026-03-27,Crisis,92,5,87,53,0.05434782608695652,0.5760869565217391,0.07996712823400791,0.13456960791167247,0.34910634405735286,False
2026-03-28,Crisis,33,0,33,13,0.0,0.3939393939393939,0.08120361316614502,0.13422388966488172,0.3496513924959085,False
2026-03-29,Crisis,32,2,30,15,0.0625,0.46875,0.07304034786002257,0.13552613713522682,0.3440926221304762,False
2026-03-30,Crisis,81,4,77,50,0.04938271604938271,0.6172839506172839,0.07495361316614502,0.13514720061650506,0.34524801439915515,False
2026-03-31,Crisis,99,0,99,60,0.0,0.6060606060606061,0.07528265578374485,0.13507366358658465,0.3454299829569142,False
2026-04-01,Crisis,86,3,83,44,0.03488372093023256,0.5116279069767442,0.07131440181549088,0.13650626667941573,0.34432693517432233,False
2026-04-02,Crisis,78,4,74,43,0.05128205128205128,0.5512820512820513,0.071550457069906,0.1364351068672061,0.3444206708043182,False
2026-04-03,Crisis,70,4,66,33,0.05714285714285714,0.4714285714285714,0.07145406223666904,0.13644997766229455,0.34435401756125816,False
2026-04-04,Crisis,40,7,33,21,0.175,0.525,0.07218748060401599,0.13633524938076785,0.3448579793655517,False
2026-04-05,Crisis,49,3,46,28,0.061224489795918366,0.5714285714285714,0.08468748060401599,0.13722715157916493,0.35914178376234585,False
2026-04-06,Crisis,73,7,66,43,0.0958904109589041,0.589041095890411,0.08731849816783595,0.13633235078936934,0.3599831997465746,False
2026-04-07,Crisis,98,6,92,63,0.061224489795918366,0.6428571428571429,0.09114970458441762,0.13572079934401476,0.36259130327244715,False
2026-04-08,Crisis,77,5,72,44,0.06493506493506493,0.5714285714285714,0.09294112683317944,0.1351030335371211,0.3631471939074217,False
2026-04-09,Crisis,81,9,72,46,0.1111111111111111,0.5679012345679012,0.09337766508484373,0.13499414427537249,0.3633659536355887,False
2026-04-10,Crisis,85,4,81,47,0.047058823529411764,0.5529411764705883,0.06278033843488551,0.04394972136672585,0.1506797811683372,False
2026-04-11,Crisis,39,4,35,20,0.10256410256410256,0.5128205128205128,0.06225969539506088,0.04410021620803717,0.1504601278111352,False
2026-04-12,Crisis,43,0,43,30,0.0,0.6976744186046512,0.0695857027210682,0.04139822376767023,0.15238215025640867,False
2026-04-13,Crisis,70,5,65,45,0.07142857142857142,0.6428571428571429,0.06512141700678249,0.04539782533551912,0.15591706767782074,False
2026-04-14,Crisis,74,5,69,43,0.06756756756756757,0.581081081081081,0.06669612096243883,0.04519178863545246,0.15707969823334375,False
2026-04-15,Crisis,93,11,82,61,0.11827956989247312,0.6559139784946236,0.07152237578869365,0.04092785345496706,0.15337808269862777,False
2026-04-16,Crisis,91,10,81,50,0.10989010989010989,0.5494505494505495,0.07747922214313942,0.04125271772992268,0.15998465760298478,False
2026-04-17,Crisis,72,2,70,36,0.027777777777777776,0.5,0.08166551204371501,0.041363353272170784,0.16439221858805658,False
2026-04-18,Crisis,39,4,35,21,0.10256410256410256,0.5384615384615384,0.07956800637478079,0.043397079661966584,0.16636216569871395,False
2026-04-19,Crisis,25,0,25,15,0.0,0.6,0.07439401370078812,0.034562938166847496,0.14351989003448312,False
2026-04-20,Crisis,86,4,82,48,0.046511627906976744,0.5581395348837209,0.07002083585822251,0.039829486915970866,0.14967980969016426,False
2026-04-21,Crisis,87,3,84,49,0.034482758620689655,0.5632183908045977,0.06649377992594199,0.039547761364997686,0.14558930265593736,False
2026-04-22,Crisis,74,3,71,43,0.04054054054054054,0.581081081081081,0.06458365627056852,0.04045718594533843,0.14549802816124538,False
2026-04-23,Crisis,84,2,82,45,0.023809523809523808,0.5357142857142857,0.0628411902423882,0.0409630527013072,0.1447672956450026,False
2026-04-24,Crisis,89,8,81,47,0.0898876404494382,0.5280898876404494,0.0566053625779891,0.03967436684245243,0.13595409626289395,False
2026-04-25,Crisis,40,3,37,28,0.075,0.7,0.05966456378656242,0.04052375527492503,0.14071207433641247,False
2026-04-26,Crisis,32,3,29,21,0.09375,0.65625,0.05769569931769795,0.038916880690618966,0.13552946069893587,False
2026-04-27,Crisis,89,3,86,59,0.033707865168539325,0.6629213483146067,0.06439212788912652,0.03619619140005514,0.1367845106892368,False
2026-04-28,Crisis,79,2,77,43,0.02531645569620253,0.5443037974683544,0.06169779172769565,0.0370265141096045,0.13575081994690466,False
2026-04-29,Crisis,67,3,64,38,0.04477611940298507,0.5671641791044776,0.0586798551654553,0.038214125338602835,0.13510810584266097,False
2026-04-30,Crisis,84,4,80,46,0.047619047619047616,0.5476190476190477,0.053429608701920435,0.03423833717402452,0.12190628304996948,False
2026-05-01,Crisis,78,5,73,47,0.0641025641025641,0.6025641025641025,0.048981675682558845,0.030138686400600367,0.10925904848375959,False
2026-05-02,Crisis,30,1,29,18,0.03333333333333333,0.6,0.051576303277186444,0.029733705454462026,0.1110437141861105,False
2026-05-03,Crisis,35,4,31,17,0.11428571428571428,0.4857142857142857,0.046631248332131496,0.026141497278053292,0.09891424288823808,True
2026-05-04,Crisis,78,5,73,35,0.0641025641025641,0.44871794871794873,0.05479451363825394,0.028221134027312085,0.11123678169287811,False
2026-05-05,Crisis,95,6,89,58,0.06315789473684211,0.6105263157894737,0.0560510090807959,0.028215587551627997,0.1124821841840519,False
2026-05-06,Crisis,75,5,70,41,0.06666666666666667,0.5466666666666666,0.0580992330890925,0.027562707867795362,0.11322464882468322,False
2026-05-07,Crisis,77,4,73,48,0.05194805194805195,0.6233766233766234,0.05996538495524437,0.027163996477431084,0.11429337791010655,False
2026-05-08,Crisis,78,6,72,48,0.07692307692307693,0.6153846153846154,0.06197527982228209,0.025257064526163938,0.11248940887460997,False
2026-05-09,Crisis,35,4,31,17,0.11428571428571428,0.4857142857142857,0.06104923957039914,0.024377294077350446,0.10980382772510003,True
2026-05-10,Crisis,48,3,45,34,0.0625,0.7083333333333334,0.06385536201937873,0.028085775298738597,0.12002691261685593,False
2026-05-11,Crisis,72,5,67,39,0.06944444444444445,0.5416666666666666,0.061623219162235884,0.026736510942085734,0.11509624104640735,False
2026-05-12,Crisis,92,7,85,49,0.07608695652173914,0.532608695652174,0.06417583196765768,0.025545760075825822,0.11526735211930933,False
2026-05-13,Crisis,99,3,96,55,0.030303030303030304,0.5555555555555556,0.06780229631233886,0.02309066162393265,0.11398361956020417,False
2026-05-14,Crisis,76,3,73,40,0.039473684210526314,0.5263157894736842,0.06676850423377066,0.02448288329600359,0.11573427082577784,False
2026-05-15,Crisis,100,4,96,63,0.04,0.63,0.06618669256173342,0.02506287004295795,0.11631243264764932,False
2026-05-16,Crisis,34,1,33,18,0.029411764705882353,0.5294117647058824,0.0644650808401217,0.026026348973065355,0.11651777878625241,False
2026-05-17,Crisis,36,4,32,19,0.1111111111111111,0.5277777777777778,0.06418496879530378,0.026405523492479478,0.11699601578026272,False
2026-05-18,Crisis,90,5,85,49,0.05555555555555555,0.5444444444444444,0.06395821142568926,0.025951922992537246,0.11586205741076375,False
2026-05-19,Crisis,84,3,81,48,0.03571428571428571,0.5714285714285714,0.06334771081518865,0.026048617009174112,0.11544494483353687,False
2026-05-20,Crisis,93,9,84,59,0.0967741935483871,0.6344086021505376,0.0613874530278632,0.02707634424469375,0.1155401415172507,False
2026-05-21,Crisis,72,3,69,39,0.041666666666666664,0.5416666666666666,0.0635379906622718,0.028676274524593075,0.12089053971145794,False
2026-05-22,Crisis,81,8,73,39,0.09876543209876543,0.48148148148148145,0.06280360599931571,0.029124072794992784,0.12105175158930129,False
2026-05-23,Crisis,33,2,31,23,0.06060606060606061,0.696969696969697,0.0643637742261506,0.03049157101545918,0.12534691625706895,False
2026-05-24,Crisis,41,2,39,25,0.04878048780487805,0.6097560975609756,0.060529513249032475,0.026893901581887276,0.11431731641280703,False
2026-01-25,GeneralChat,54,5,49,32,0.09259259259259259,0.5925925925925926,,,,False
2026-01-26,GeneralChat,105,9,96,59,0.08571428571428572,0.5619047619047619,,,,False
2026-01-27,GeneralChat,115,7,108,60,0.06086956521739131,0.5217391304347826,,,,False
2026-01-28,GeneralChat,107,9,98,61,0.08411214953271028,0.5700934579439252,,,,False
2026-01-29,GeneralChat,106,9,97,60,0.08490566037735849,0.5660377358490566,,,,False
2026-01-30,GeneralChat,141,17,124,71,0.12056737588652482,0.5035460992907801,0.08163885068686767,0.012090762011214107,0.1058203747092959,True
2026-01-31,GeneralChat,57,2,55,40,0.03508771929824561,0.7017543859649122,0.08812693822014388,0.019222926412130338,0.12657279104440455,False
2026-02-01,GeneralChat,39,4,35,20,0.10256410256410256,0.5128205128205128,0.08054990694558696,0.02664233292627433,0.13383457279813563,False
2026-02-02,GeneralChat,105,1,104,68,0.009523809523809525,0.6476190476190476,0.08330168139790142,0.02586484136033103,0.13503136411856348,False
2026-02-03,GeneralChat,102,9,93,55,0.08823529411764706,0.5392156862745098,0.07510414007855787,0.03449874518604708,0.14410163045065202,False
2026-02-04,GeneralChat,90,7,83,54,0.07777777777777778,0.6,0.07641725548246679,0.032789720342158914,0.14199669616678462,False
2026-02-05,GeneralChat,101,7,94,60,0.06930693069306931,0.594059405940594,0.07654093932749508,0.031109764684645592,0.13876046869678627,False
2026-02-06,GeneralChat,107,5,102,61,0.04672897196261682,0.5700934579439252,0.07593810527462626,0.029735415923409315,0.1354089371214449,False
2026-02-07,GeneralChat,55,5,50,33,0.09090909090909091,0.6,0.07369124886601014,0.029599675254392735,0.1328905993747956,False
2026-02-08,GeneralChat,47,2,45,36,0.0425531914893617,0.7659574468085106,0.0749210947262302,0.028808342935347994,0.13253778059692617,False
2026-02-09,GeneralChat,116,8,108,66,0.06896551724137931,0.5689655172413793,0.07134685179028513,0.029542035816060578,0.13043092342240628,False
2026-02-10,GeneralChat,95,7,88,60,0.07368421052631578,0.631578947368421,0.07015051118507754,0.029253171829219857,0.12865685484351724,False
2026-02-11,GeneralChat,113,7,106,68,0.061946902654867256,0.6017699115044248,0.07106584299285786,0.02914070141628594,0.12934724582542972,False
2026-02-12,GeneralChat,106,1,105,65,0.009433962264150943,0.6132075471698113,0.06948261107301193,0.028979040780985742,0.12744069263498342,False
2026-02-13,GeneralChat,106,4,102,70,0.03773584905660377,0.660377358490566,0.06409177549349711,0.032673579915122895,0.1294389353237429,False
2026-02-14,GeneralChat,54,3,51,36,0.05555555555555555,0.6666666666666666,0.058175237862788456,0.028947408933077626,0.11607005572894372,False
2026-02-15,GeneralChat,50,5,45,27,0.1,0.54,0.05963722616688202,0.02819886491974881,0.11603495600637964,False
2026-02-16,GeneralChat,121,9,112,69,0.0743801652892562,0.5702479338842975,0.059454075983731834,0.02790541022031952,0.11526489642437088,False
2026-02-17,GeneralChat,111,10,101,66,0.09009009009009009,0.5945945945945946,0.06408667282412088,0.02410323667817818,0.11229314618047724,False
2026-02-18,GeneralChat,122,8,114,80,0.06557377049180328,0.6557377049180327,0.06421915825072397,0.0242508275900493,0.11272081343082258,False
2026-02-19,GeneralChat,123,8,115,68,0.06504065040650407,0.5528455284552846,0.06334744344458293,0.0239433541468652,0.11123415173831333,False
2026-02-20,GeneralChat,109,6,103,68,0.05504587155963303,0.6238532110091743,0.0630427091383997,0.023888758349123462,0.11082022583664662,False
2026-02-21,GeneralChat,43,4,39,22,0.09302325581395349,0.5116279069767442,0.06363677339532943,0.023552913748961412,0.11074260089325225,False
2026-02-22,GeneralChat,55,2,53,40,0.03636363636363636,0.7272727272727273,0.06378778517424817,0.023747199804841235,0.11128218478393065,False
2026-02-23,GeneralChat,91,5,86,57,0.054945054945054944,0.6263736263736264,0.06334567409383922,0.024225738028837374,0.11179715015151397,False
2026-02-24,GeneralChat,104,2,102,61,0.019230769230769232,0.5865384615384616,0.062344212501244625,0.024265312041493944,0.11087483658423251,False
2026-02-25,GeneralChat,118,9,109,63,0.07627118644067797,0.5338983050847458,0.05845468098013416,0.02656319728380695,0.11158107554774807,False
2026-02-26,GeneralChat,112,9,103,64,0.08035714285714286,0.5714285714285714,0.059477844107692066,0.026980649796590876,0.11343914370087382,False
2026-02-27,GeneralChat,95,8,87,49,0.08421052631578947,0.5157894736842106,0.06454378557862006,0.023263843437475767,0.1110714724535716,False
2026-02-28,GeneralChat,44,3,41,27,0.06818181818181818,0.6136363636363636,0.06786340538284762,0.022445695699953604,0.11275479678275482,False
2026-03-01,GeneralChat,51,2,49,34,0.0392156862745098,0.6666666666666666,0.0687652812847235,0.022165030007892193,0.11309534130050788,False
2026-03-02,GeneralChat,124,7,117,79,0.056451612903225805,0.6370967741935484,0.06442354459004564,0.021519959688520874,0.10746346396708739,False
2026-03-03,GeneralChat,121,10,111,73,0.08264462809917356,0.6033057851239669,0.06314293370532918,0.021415074749202217,0.10597308320373361,False
2026-03-04,GeneralChat,109,11,98,62,0.10091743119266056,0.5688073394495413,0.06261111499169228,0.020777350382028686,0.10416581575574965,False
2026-03-05,GeneralChat,111,8,103,67,0.07207207207207207,0.6036036036036037,0.06513566218461067,0.023174003255529933,0.11148366869567053,False
2026-03-06,GeneralChat,127,12,115,67,0.09448818897637795,0.5275590551181102,0.0656379065892941,0.02324786311476233,0.11213363281881875,False
2026-03-07,GeneralChat,54,3,51,30,0.05555555555555555,0.5555555555555556,0.06845521497620445,0.02423450691174909,0.11692422879970263,False
2026-03-08,GeneralChat,49,4,45,28,0.08163265306122448,0.5714285714285714,0.06577895067203317,0.023365961999530394,0.11251087467109396,False
2026-03-09,GeneralChat,115,4,111,65,0.034782608695652174,0.5652173913043478,0.06901245186471804,0.02207903301642574,0.11317051789756952,False
2026-03-10,GeneralChat,93,7,86,43,0.07526881720430108,0.46236559139784944,0.06757227713261783,0.02366763637069895,0.11490754987401573,False
2026-03-11,GeneralChat,111,7,104,73,0.06306306306306306,0.6576576576576577,0.07157499484501297,0.019175449054098088,0.10992589295320915,False
2026-03-12,GeneralChat,104,7,97,61,0.0673076923076923,0.5865384615384616,0.07063155746089762,0.019251393023185404,0.10913434350726843,False
2026-03-13,GeneralChat,115,6,109,60,0.05217391304347826,0.5217391304347826,0.06969945385022257,0.01905923430864447,0.10781792246751151,False
2026-03-14,GeneralChat,58,3,55,33,0.05172413793103448,0.5689655172413793,0.06741112433077177,0.019106121431921325,0.10562336719461443,False
2026-03-15,GeneralChat,45,4,41,24,0.08888888888888889,0.5333333333333333,0.06623557574143009,0.01955605584097252,0.10534768742337514,False
2026-03-16,GeneralChat,106,6,100,60,0.05660377358490566,0.5660377358490566,0.06978366164245717,0.018766919628831685,0.10731750090012054,False
2026-03-17,GeneralChat,100,5,95,60,0.05,0.6,0.06979453026257715,0.01875864685226331,0.10731182396710376,False
2026-03-18,GeneralChat,110,8,102,59,0.07272727272727272,0.5363636363636364,0.06746277111263618,0.01906488478873857,0.10559254069011333,False
2026-03-19,GeneralChat,117,5,112,71,0.042735042735042736,0.6068376068376068,0.06544918836510848,0.016587403226885844,0.09862399481888016,False
2026-03-20,GeneralChat,111,6,105,54,0.05405405405405406,0.4864864864864865,0.06335368626960639,0.017513597601255777,0.09838088147211793,False
2026-03-21,GeneralChat,47,4,43,24,0.0851063829787234,0.5106382978723404,0.06046553377515468,0.015160133105547495,0.09078579998624967,False
2026-03-22,GeneralChat,48,2,46,28,0.041666666666666664,0.5833333333333334,0.06257630716252381,0.016428103800802965,0.09543251476412974,False
2026-03-23,GeneralChat,133,10,123,75,0.07518796992481203,0.5639097744360902,0.05972159384862682,0.01633413377788727,0.09238986140440136,False
2026-03-24,GeneralChat,116,7,109,74,0.0603448275862069,0.6379310344827587,0.06260769107928109,0.015112636202563864,0.09283296348440881,False
2026-03-25,GeneralChat,131,9,122,79,0.06870229007633588,0.6030534351145038,0.0615416918208458,0.014670746725928416,0.09088318527270263,False
2026-03-26,GeneralChat,94,5,89,60,0.05319148936170213,0.6382978723404256,0.06194449375036528,0.014792640136880825,0.09152977402412693,False
2026-03-27,GeneralChat,102,7,95,60,0.06862745098039216,0.5882352941176471,0.060936193539937414,0.014879791265885279,0.09069577607170798,False
2026-03-28,GeneralChat,55,8,47,31,0.14545454545454545,0.5636363636363636,0.06211144624971698,0.014783949878117585,0.09167934600595215,True
2026-03-29,GeneralChat,64,4,60,34,0.0625,0.53125,0.06880647535853919,0.026387636187295456,0.1215817477331301,False
2026-03-30,GeneralChat,117,3,114,60,0.02564102564102564,0.5128205128205128,0.06692155472361856,0.025778229937494568,0.1184780145986077,False
2026-03-31,GeneralChat,122,9,113,68,0.07377049180327869,0.5573770491803278,0.06470992987048427,0.027966835158359155,0.12064360018720258,False
2026-04-01,GeneralChat,106,6,100,59,0.05660377358490566,0.5566037735849056,0.06640782214214704,0.027725609246950826,0.12185904063604869,False
2026-04-02,GeneralChat,103,4,99,55,0.038834951456310676,0.5339805825242718,0.06525614363197796,0.027777740300233448,0.12081162423244485,False
2026-04-03,GeneralChat,98,4,94,67,0.04081632653061224,0.6836734693877551,0.0649775656834971,0.02803929942801444,0.12105616453952597,False
2026-04-04,GeneralChat,51,1,50,24,0.0196078431372549,0.47058823529411764,0.06403201371753696,0.028652500861691136,0.12133701544091924,False
2026-04-05,GeneralChat,51,3,48,33,0.058823529411764705,0.6470588235294118,0.059353546586003496,0.030249603429513897,0.1198527534450313,False
2026-04-06,GeneralChat,112,10,102,52,0.08928571428571429,0.4642857142857143,0.06057903678208193,0.02982246214515744,0.1202239610723968,False
2026-04-07,GeneralChat,119,11,108,66,0.09243697478991597,0.5546218487394958,0.06158601852214638,0.030582028991113265,0.12275007650437292,False
2026-04-08,GeneralChat,115,17,98,63,0.14782608695652175,0.5478260869565217,0.06387831475098274,0.03166539327144534,0.12720910129387342,True
2026-04-09,GeneralChat,115,6,109,73,0.05217391304347826,0.6347826086956522,0.06953001452813888,0.038840736425123396,0.14721148737838569,False
2026-04-10,GeneralChat,119,6,113,69,0.05042016806722689,0.5798319327731093,0.0694573305054086,0.038874600538326684,0.14720653158206198,False
2026-04-11,GeneralChat,65,4,61,33,0.06153846153846154,0.5076923076923077,0.06815681029732537,0.03920762807011383,0.14657206643755305,False
2026-04-12,GeneralChat,45,6,39,23,0.13333333333333333,0.5111111111111111,0.06216280430331937,0.03228474807250754,0.12673230044833445,True
2026-04-13,GeneralChat,101,9,92,46,0.0891089108910891,0.45544554455445546,0.06722232811284318,0.03747482439055163,0.14217197689394645,False
2026-04-14,GeneralChat,113,8,105,64,0.07079646017699115,0.5663716814159292,0.07175574848784771,0.03586191809903006,0.14347958468590782,False
2026-04-15,GeneralChat,121,7,114,65,0.05785123966942149,0.5371900826446281,0.0715433176573986,0.03585787379906757,0.14325906525553372,False
2026-04-16,GeneralChat,111,10,101,56,0.09009009009009009,0.5045045045045045,0.07163242237772116,0.0358194235463284,0.14327126947037797,False
2026-04-17,GeneralChat,103,4,99,64,0.038834951456310676,0.6213592233009708,0.0752935037087054,0.03481463718351452,0.14492277807573445,False
2026-04-18,GeneralChat,47,1,46,33,0.02127659574468085,0.7021276595744681,0.07515197691768385,0.034969257242691225,0.1450904914030663,False
2026-04-19,GeneralChat,54,2,52,34,0.037037037037037035,0.6296296296296297,0.07527117353250001,0.03476762792159493,0.14480642937568988,False
2026-04-20,GeneralChat,112,4,108,62,0.03571428571428571,0.5535714285714286,0.07371499550573375,0.03602527307593672,0.1457655416576072,False
2026-04-21,GeneralChat,90,8,82,48,0.08888888888888889,0.5333333333333333,0.06988846489348885,0.037074019363040056,0.14403650361956896,False
2026-04-22,GeneralChat,112,5,107,69,0.044642857142857144,0.6160714285714286,0.06963503018627262,0.03691982942064946,0.14347468902757154,False
2026-04-23,GeneralChat,113,8,105,57,0.07079646017699115,0.504424778761062,0.062264799485296576,0.02970397875995386,0.1216727570052043,False
2026-04-24,GeneralChat,96,6,90,56,0.0625,0.5833333333333334,0.06359498142340465,0.02963422459222449,0.12286343060785362,False
2026-04-25,GeneralChat,51,5,46,24,0.09803921568627451,0.47058823529411764,0.06445782656145986,0.029396015855720468,0.1232498582729008,False
2026-04-26,GeneralChat,61,7,54,37,0.11475409836065574,0.6065573770491803,0.06706502328630365,0.03070662304306203,0.1284782693724277,False
2026-04-27,GeneralChat,99,8,91,51,0.08080808080808081,0.5151515151515151,0.06573793507396954,0.027895077818420714,0.12152809071081097,False
2026-04-28,GeneralChat,116,12,104,55,0.10344827586206896,0.47413793103448276,0.06514501863946895,0.027444692421824925,0.1200344034831188,False
2026-04-29,GeneralChat,106,7,99,68,0.0660377358490566,0.6415094339622641,0.06747729118840308,0.0292874252836434,0.12605214175568988,False
2026-04-30,GeneralChat,122,5,117,71,0.040983606557377046,0.5819672131147541,0.06806204091551987,0.029161904861554726,0.12638585063862934,False
2026-05-01,GeneralChat,107,9,98,57,0.08411214953271028,0.5327102803738317,0.0645544349488975,0.029261654481878053,0.12307774391265361,False
2026-05-02,GeneralChat,47,7,40,24,0.14893617021276595,0.5106382978723404,0.06778852052578319,0.028697037550904542,0.12518259562759226,True
2026-05-03,GeneralChat,41,4,37,25,0.0975609756097561,0.6097560975609756,0.07690706155921785,0.03277343245016824,0.14245392645955435,False
2026-05-04,GeneralChat,103,5,98,65,0.04854368932038835,0.6310679611650486,0.08123020002869778,0.03105650472234091,0.1433432094733796,False
2026-05-05,GeneralChat,88,45,43,27,0.5113636363636364,0.3068181818181818,0.08214658600056225,0.029772906053490582,0.14169239810754342,True
2026-05-06,GeneralChat,101,7,94,65,0.06930693069306931,0.6435643564356436,0.11232335367732994,0.11863208559485429,0.34958752486703853,False
2026-05-07,GeneralChat,97,4,93,60,0.041237113402061855,0.6185567010309279,0.11408507321663079,0.11772939779868027,0.34954386881399135,False
2026-05-08,GeneralChat,113,5,108,57,0.04424778761061947,0.504424778761062,0.11197369130413584,0.11882542286210097,0.3496245370283378,False
2026-05-09,GeneralChat,41,0,41,24,0.0,0.5853658536585366,0.11066996184775153,0.11950816209381901,0.34968628603538954,False
2026-05-10,GeneralChat,49,2,47,30,0.04081632653061224,0.6122448979591837,0.10366716072730335,0.1231229423315399,0.34991304539038315,False
2026-05-11,GeneralChat,115,10,105,70,0.08695652173913043,0.6086956521739131,0.09838589131087165,0.12419190731374419,0.34676970593836004,False
2026-05-12,GeneralChat,113,8,105,67,0.07079646017699115,0.5929203539823009,0.0988250656630895,0.12413582473617837,0.34709671513544627,False
2026-05-13,GeneralChat,97,6,91,58,0.061855670103092786,0.5979381443298969,0.09649279311415537,0.12434883145585052,0.3451904560258564,False
2026-05-14,GeneralChat,95,6,89,52,0.06315789473684211,0.5473684210526316,0.09619407413230081,0.12443261537960187,0.34505930489150455,False
2026-05-15,GeneralChat,110,6,104,63,0.05454545454545454,0.5727272727272728,0.09777795185940545,0.12381538896237304,0.34540872978415155,False
2026-05-16,GeneralChat,39,4,35,21,0.10256410256410256,0.5384615384615384,0.09566604507460148,0.12431755542770578,0.34430115593001304,False
2026-05-17,GeneralChat,61,5,56,34,0.08196721311475409,0.5573770491803278,0.09235375452826837,0.12340346237549268,0.33916067927925375,False
2026-05-18,GeneralChat,101,6,95,59,0.0594059405940594,0.5841584158415841,0.09123991435005395,0.12342321966224183,0.3380863536745376,False
2026-05-19,GeneralChat,116,6,110,63,0.05172413793103448,0.5431034482758621,0.09201578944103046,0.12316805013927432,0.3383518897195791,False
2026-05-20,GeneralChat,111,4,107,64,0.036036036036036036,0.5765765765765766,0.0591843966958446,0.024643593402088514,0.10847158350002162,False
2026-05-21,GeneralChat,116,7,109,64,0.0603448275862069,0.5517241379310345,0.05680790422034222,0.025190504805890836,0.1071889138321239,False
2026-05-22,GeneralChat,101,5,96,59,0.04950495049504951,0.5841584158415841,0.05817274094778115,0.024796527844680727,0.10776579663714261,False
2026-05-23,GeneralChat,46,1,45,26,0.021739130434782608,0.5652173913043478,0.05854825258238331,0.02460852486911267,0.10776530232060866,False
2026-05-24,GeneralChat,50,5,45,28,0.1,0.56,0.06010104761343921,0.021059970469236376,0.10222098855191196,False
2026-01-25,GeneralSupp,63,7,56,37,0.1111111111111111,0.5873015873015873,,,,False
2026-01-26,GeneralSupp,152,9,143,87,0.05921052631578947,0.5723684210526315,,,,False
2026-01-27,GeneralSupp,145,17,128,78,0.11724137931034483,0.5379310344827586,,,,False
2026-01-28,GeneralSupp,132,14,118,80,0.10606060606060606,0.6060606060606061,,,,False
2026-01-29,GeneralSupp,138,7,131,86,0.050724637681159424,0.6231884057971014,,,,False
2026-01-30,GeneralSupp,151,19,132,80,0.12582781456953643,0.5298013245033113,0.08886965209580218,0.03134434625739549,0.15155834461059314,False
2026-01-31,GeneralSupp,57,7,50,29,0.12280701754385964,0.5087719298245614,0.09502934584142457,0.0318374841355588,0.15870431411254216,False
2026-02-01,GeneralSupp,72,6,66,42,0.08333333333333333,0.5833333333333334,0.09899758465605814,0.0309017194521284,0.16080102356031495,False
2026-02-02,GeneralSupp,136,10,126,66,0.07352941176470588,0.4852941176470588,0.09703955324071754,0.02914053451785013,0.1553206222764178,False
2026-02-03,GeneralSupp,139,11,128,77,0.07913669064748201,0.5539568345323741,0.09442731529893847,0.028362624906168234,0.15115256511127495,False
2026-02-04,GeneralSupp,147,13,134,89,0.08843537414965986,0.6054421768707483,0.09289825283379281,0.02717419285227256,0.14724663853833794,False
2026-02-05,GeneralSupp,142,16,126,70,0.11267605633802817,0.49295774647887325,0.09249253658978072,0.025814796993826217,0.14412213057743317,False
2026-02-06,GeneralSupp,140,12,128,89,0.08571428571428572,0.6357142857142857,0.09417449656880135,0.02529366437973273,0.1447618253282668,False
2026-02-07,GeneralSupp,59,7,52,27,0.11864406779661017,0.4576271186440678,0.09352371111845399,0.024330251096238258,0.1421842133109305,False
2026-02-08,GeneralSupp,68,11,57,43,0.16176470588235295,0.6323529411764706,0.09531802230975087,0.02432076036797312,0.1439595430456971,True
2026-02-09,GeneralSupp,121,9,112,66,0.0743801652892562,0.5454545454545454,0.09893613622198241,0.029964031811690914,0.15886419984536423,False
2026-02-10,GeneralSupp,134,13,121,76,0.09701492537313433,0.5671641791044776,0.10001968186294434,0.028663023971126095,0.15734572980519654,False
2026-02-11,GeneralSupp,139,7,132,79,0.050359712230215826,0.5683453237410072,0.0985749351531436,0.02823475198705703,0.15504443912725765,False
2026-02-12,GeneralSupp,121,8,113,64,0.06611570247933884,0.5289256198347108,0.09459629987954428,0.030897690688695932,0.15639168125693614,False
2026-02-13,GeneralSupp,115,13,102,71,0.11304347826086956,0.6173913043478261,0.0956956616508428,0.02945684732280942,0.15460935629646164,False
2026-02-14,GeneralSupp,62,9,53,33,0.14516129032258066,0.532258064516129,0.09478249477165232,0.02863765940924781,0.15205781359014794,False
2026-02-15,GeneralSupp,59,7,52,35,0.11864406779661017,0.5932203389830508,0.09637922854156097,0.030857560245581218,0.1580943490327234,False
2026-02-16,GeneralSupp,114,8,106,62,0.07017543859649122,0.543859649122807,0.09890142386036646,0.03115090371837368,0.16120323129711384,False
2026-02-17,GeneralSupp,173,11,162,88,0.06358381502890173,0.5086705202312138,0.0986618543483511,0.03137314401989608,0.16140814238814327,False
2026-02-18,GeneralSupp,137,14,123,76,0.10218978102189781,0.5547445255474452,0.09755093466130968,0.03237701343100255,0.16230496152331478,False
2026-02-19,GeneralSupp,110,6,104,62,0.05454545454545454,0.5636363636363636,0.09853339229504096,0.03228769152637875,0.16310877534779847,False
2026-02-20,GeneralSupp,148,11,137,85,0.07432432432432433,0.5743243243243243,0.09438120645271428,0.03402034456117432,0.16242189557506292,False
2026-02-21,GeneralSupp,74,5,69,48,0.06756756756756757,0.6486486486486487,0.09356763778200275,0.034377862356544484,0.16232336249509172,False
2026-02-22,GeneralSupp,75,6,69,42,0.08,0.56,0.08991931633707113,0.03422180960061774,0.1583629355383066,False
2026-02-23,GeneralSupp,137,11,126,68,0.08029197080291971,0.49635036496350365,0.08407898020261735,0.0272930235546714,0.13866502731196015,False
2026-02-24,GeneralSupp,134,20,114,65,0.14925373134328357,0.48507462686567165,0.08450125202502187,0.027176908739714234,0.13885506950445034,True
2026-02-25,GeneralSupp,130,9,121,74,0.06923076923076923,0.5692307692307692,0.08823259530860396,0.032157027503041065,0.1525466503146861,False
2026-02-26,GeneralSupp,140,13,127,85,0.09285714285714286,0.6071428571428571,0.08958052795150064,0.030814887310785632,0.1512103025730719,False
2026-02-27,GeneralSupp,149,13,136,86,0.087248322147651,0.5771812080536913,0.0914906308356295,0.03006826068503629,0.15162715220570208,False
2026-02-28,GeneralSupp,72,6,66,37,0.08333333333333333,0.5138888888888888,0.08964811968468532,0.029429508995345206,0.14850713767537574,False
2026-03-01,GeneralSupp,65,9,56,29,0.13846153846153847,0.4461538461538462,0.08523183704259621,0.024720534403198,0.13467290584899222,True
2026-03-02,GeneralSupp,132,10,122,81,0.07575757575757576,0.6136363636363636,0.08664737066151969,0.027221787553013316,0.14109094576754633,False
2026-03-03,GeneralSupp,109,8,101,61,0.07339449541284404,0.5596330275229358,0.08704609474445428,0.02700195389387841,0.14105000253221112,False
2026-03-04,GeneralSupp,124,20,104,67,0.16129032258064516,0.5403225806451613,0.08774685762902158,0.026468245586140696,0.14068334880130298,True
2026-03-05,GeneralSupp,135,22,113,64,0.16296296296296298,0.4740740740740741,0.09196832488321784,0.0328843387056116,0.15773700229444104,True
2026-03-06,GeneralSupp,133,14,119,74,0.10526315789473684,0.556390977443609,0.09971243262732557,0.03601079652483947,0.17173402567700452,False
2026-03-07,GeneralSupp,64,3,61,35,0.046875,0.546875,0.10192234931092647,0.035274734176510295,0.17247181766394706,False
2026-03-08,GeneralSupp,58,1,57,34,0.017241379310344827,0.5862068965517241,0.10044430877038592,0.03720562871981523,0.17485556621001638,False
2026-03-09,GeneralSupp,159,16,143,75,0.10062893081761007,0.4716981132075472,0.09596155014969628,0.04316229700114189,0.18228614415198005,False
2026-03-10,GeneralSupp,144,11,133,78,0.0763888888888889,0.5416666666666666,0.09741419015074558,0.04293599611870367,0.18328618238815292,False
2026-03-11,GeneralSupp,129,11,118,84,0.08527131782945736,0.6511627906976745,0.09220955854686026,0.040516841242413386,0.17324324103168703,False
2026-03-12,GeneralSupp,133,11,122,65,0.08270676691729323,0.48872180451127817,0.09335531201819512,0.040041059145100207,0.17343743030839553,False
2026-03-13,GeneralSupp,129,13,116,71,0.10077519379844961,0.5503875968992248,0.0926302851653487,0.04014254166968236,0.17291536850471342,False
2026-03-14,GeneralSupp,69,9,60,34,0.13043478260869565,0.4927536231884058,0.09359649028326289,0.040165821435095526,0.17392813315345396,False
2026-03-15,GeneralSupp,51,5,46,33,0.09803921568627451,0.6470588235294118,0.09696087951721735,0.04119939462984788,0.17935966877691312,False
2026-03-16,GeneralSupp,133,14,119,64,0.10526315789473684,0.48120300751879697,0.09407357074755562,0.03944637832776064,0.1729663274030769,False
2026-03-17,GeneralSupp,129,16,113,68,0.12403100775193798,0.5271317829457365,0.09618111232878143,0.039179826901213584,0.1745407661312086,False
2026-03-18,GeneralSupp,114,15,99,69,0.13157894736842105,0.6052631578947368,0.09979800606728814,0.039251658219068876,0.1783013225054259,False
2026-03-19,GeneralSupp,119,14,105,68,0.11764705882352941,0.5714285714285714,0.0976757649807007,0.036368491526529836,0.1704127480337604,False
2026-03-20,GeneralSupp,151,14,137,86,0.09271523178807947,0.5695364238410596,0.09443891468502688,0.03184629775193969,0.15813151018890625,False
2026-03-21,GeneralSupp,47,6,41,21,0.1276595744680851,0.44680851063829785,0.09354263424883706,0.03169443924479947,0.156931512738436,False
2026-03-22,GeneralSupp,80,9,71,43,0.1125,0.5375,0.09931296099655743,0.029844380169644906,0.15900172133584722,False
2026-03-23,GeneralSupp,124,10,114,67,0.08064516129032258,0.5403225806451613,0.10611714818867567,0.018332248488975498,0.14278164516662667,False
2026-03-24,GeneralSupp,152,14,138,84,0.09210526315789473,0.5526315789473685,0.10468973607958369,0.01953124491410017,0.14375222590778403,False
2026-03-25,GeneralSupp,121,13,108,64,0.10743801652892562,0.5289256198347108,0.10581233424165552,0.018184718218172125,0.14218177067799978,False
2026-03-26,GeneralSupp,125,7,118,71,0.056,0.568,0.10739566986304613,0.0171968330285631,0.14178933592017234,False
2026-03-27,GeneralSupp,141,14,127,70,0.09929078014184398,0.49645390070921985,0.10548804365466805,0.021168791041846286,0.1478256257383606,False
2026-03-28,GeneralSupp,59,9,50,25,0.15254237288135594,0.423728813559322,0.10538201410776764,0.021197909936570253,0.14777783398090816,True
2026-03-29,GeneralSupp,49,3,46,31,0.061224489795918366,0.6326530612244898,0.10696112769867194,0.02386357998749921,0.15468828767367038,False
2026-03-30,GeneralSupp,144,16,128,76,0.1111111111111111,0.5277777777777778,0.10433150442078938,0.026773331335171704,0.15787816709113278,False
2026-03-31,GeneralSupp,147,13,134,74,0.08843537414965986,0.5034013605442177,0.10474921536481609,0.02683453408576177,0.15841828353633963,False
2026-04-01,GeneralSupp,145,18,127,89,0.12413793103448276,0.6137931034482759,0.10220667010751051,0.026551907425232953,0.15531048495797642,False
2026-04-02,GeneralSupp,173,8,165,106,0.046242774566473986,0.6127167630057804,0.10167516894080064,0.02598719191688915,0.15364955277457895,False
2026-04-03,GeneralSupp,146,14,132,78,0.0958904109589041,0.5342465753424658,0.09657486292243954,0.02939493578484855,0.15536473449213664,False
2026-04-04,GeneralSupp,75,9,66,38,0.12,0.5066666666666667,0.09680166143464129,0.029375108305430397,0.15555187804550208,False
2026-04-05,GeneralSupp,75,10,65,38,0.13333333333333333,0.5066666666666667,0.09625454897263522,0.028822296804588407,0.15389914258181203,False
2026-04-06,GeneralSupp,132,12,120,78,0.09090909090909091,0.5909090909090909,0.09774264421073045,0.03022905110173998,0.15820074641421042,False
2026-04-07,GeneralSupp,145,15,130,81,0.10344827586206896,0.5586206896551724,0.09847578204064247,0.029905222788099855,0.1582862276168422,False
2026-04-08,GeneralSupp,151,12,139,89,0.07947019867549669,0.5894039735099338,0.09928599723379779,0.0298729906988495,0.1590319786314968,False
2026-04-09,GeneralSupp,136,12,124,78,0.08823529411764706,0.5735294117647058,0.09728829595855285,0.030219048451826068,0.15772639286220497,False
2026-04-10,GeneralSupp,128,15,113,72,0.1171875,0.5625,0.09959081696695622,0.027975941007878674,0.15554269898271356,False
2026-04-11,GeneralSupp,69,6,63,44,0.08695652173913043,0.6376811594202898,0.10086915409968165,0.02836732650388244,0.15760380710744654,False
2026-04-12,GeneralSupp,58,1,57,39,0.017241379310344827,0.6724137931034483,0.09618445044666554,0.024301562615508504,0.14478757567768255,False
2026-04-13,GeneralSupp,148,17,131,79,0.11486486486486487,0.5337837837837838,0.093042799697696,0.03106938556491141,0.15518157082751882,False
2026-04-14,GeneralSupp,140,10,130,77,0.07142857142857142,0.55,0.09331092496582127,0.031252962353807916,0.15581684967343712,False
2026-04-15,GeneralSupp,132,83,49,27,0.6287878787878788,0.20454545454545456,0.09209615334288637,0.031783070657889,0.15566229465866438,True
2026-04-16,GeneralSupp,152,13,139,79,0.08552631578947369,0.5197368421052632,0.12814257818241467,0.14727071691206,0.4226840120065347,False
2026-04-17,GeneralSupp,151,16,135,80,0.10596026490066225,0.5298013245033113,0.13094854541262893,0.14595862755113792,0.42286580051490474,False
2026-04-18,GeneralSupp,61,4,57,35,0.06557377049180328,0.5737704918032787,0.1316678206941831,0.14579729627399537,0.42326241324217384,False
2026-04-19,GeneralSupp,64,6,58,34,0.09375,0.53125,0.12778023287216903,0.14685413210075615,0.4214884970736813,False
2026-04-20,GeneralSupp,149,14,135,89,0.09395973154362416,0.5973154362416108,0.12495285191978808,0.1471198026093978,0.41919245713858366,False
2026-04-21,GeneralSupp,122,15,107,66,0.12295081967213115,0.5409836065573771,0.12517075482225476,0.1470677508082102,0.41930625643867514,False
2026-04-22,GeneralSupp,140,13,127,75,0.09285714285714286,0.5357142857142857,0.12656379366583062,0.14693847416783629,0.42044074200150316,False
2026-04-23,GeneralSupp,139,10,129,67,0.07194244604316546,0.48201438848920863,0.12752000396451962,0.14665171413558392,0.42082343223568747,False
2026-04-24,GeneralSupp,142,15,127,87,0.1056338028169014,0.6126760563380281,0.12635622910205666,0.1470515460843805,0.42045932127081764,False
2026-04-25,GeneralSupp,68,5,63,42,0.07352941176470588,0.6176470588235294,0.12553096501754962,0.14713935367063408,0.4198096723588178,False
2026-04-26,GeneralSupp,59,4,55,28,0.06779661016949153,0.4745762711864407,0.12457188573366215,0.14745355419599462,0.41947899412565137,False
2026-04-27,GeneralSupp,149,6,143,85,0.040268456375838924,0.5704697986577181,0.12818297365217263,0.14522507552822786,0.41863312470862835,False
2026-04-28,GeneralSupp,167,15,152,108,0.08982035928143713,0.6467065868263473,0.12285465876009935,0.14710757719342313,0.4170698131469456,False
2026-04-29,GeneralSupp,139,14,125,78,0.10071942446043165,0.5611510791366906,0.12416835789244692,0.14669454703525378,0.41755745196295446,False
2026-04-30,GeneralSupp,146,8,138,79,0.0547945205479452,0.541095890410959,0.08644918258334353,0.021015482744500626,0.12848014807234479,False
2026-05-01,GeneralSupp,158,12,146,85,0.0759493670886076,0.5379746835443038,0.08425405435180577,0.022659965389532924,0.12957398513087162,False
2026-05-02,GeneralSupp,56,3,53,31,0.05357142857142857,0.5535714285714286,0.08211041879380186,0.02185377671177136,0.1258179722173446,False
2026-05-03,GeneralSupp,68,2,66,38,0.029411764705882353,0.5588235294117647,0.08125310865663225,0.022768672357217384,0.12679045337106704,False
2026-05-04,GeneralSupp,149,17,132,86,0.11409395973154363,0.5771812080536913,0.07665752042133814,0.026275233064923846,0.12920798655118582,False
2026-05-05,GeneralSupp,150,21,129,81,0.14,0.54,0.0780956795776181,0.027801779962236966,0.13369923950209203,True
2026-05-06,GeneralSupp,137,10,127,73,0.072992700729927,0.5328467153284672,0.07931347817246588,0.030188644610062196,0.1396907673925903,False
2026-05-07,GeneralSupp,136,17,119,78,0.125,0.5735294117647058,0.07789458944909332,0.029969139724262808,0.13783286889761892,False
2026-05-08,GeneralSupp,139,15,124,82,0.1079136690647482,0.5899280575539568,0.08168441473172436,0.03241361798117671,0.1465116506940778,False
2026-05-09,GeneralSupp,60,5,55,36,0.08333333333333333,0.6,0.08184726232085626,0.03254864232153237,0.146944546963921,False
2026-05-10,GeneralSupp,59,7,52,30,0.11864406779661017,0.5084745762711864,0.08254754243290108,0.03246126662129066,0.1474700756754824,False
2026-05-11,GeneralSupp,147,20,127,84,0.1360544217687075,0.5714285714285714,0.08617950369198099,0.03351145951304688,0.15320242271807477,False
2026-05-12,GeneralSupp,140,13,127,76,0.09285714285714286,0.5428571428571428,0.09302135836290017,0.033193561094554506,0.15940848055200918,False
2026-05-13,GeneralSupp,140,17,123,68,0.12142857142857143,0.4857142857142857,0.0932382714754506,0.03318095413988185,0.1596001797552143,False
2026-05-14,GeneralSupp,116,12,104,61,0.10344827586206896,0.5258620689655172,0.09471749625888913,0.03399182730649705,0.16270115087188325,False
2026-05-15,GeneralSupp,140,13,127,89,0.09285714285714286,0.6357142857142857,0.09819276449561228,0.03202652011605568,0.16224580472772365,False
2026-05-16,GeneralSupp,67,4,63,37,0.05970149253731343,0.5522388059701493,0.09940046276479335,0.03143657169383988,0.1622736061524731,False
2026-05-17,GeneralSupp,55,5,50,29,0.09090909090909091,0.5272727272727272,0.09983832447664227,0.030785084125432016,0.1614084927275063,False
2026-05-18,GeneralSupp,141,20,121,71,0.14184397163120568,0.5035460992907801,0.10423099063401431,0.023484973800458372,0.15120093823493105,False
2026-05-19,GeneralSupp,137,9,128,74,0.06569343065693431,0.5401459854014599,0.10621313434113303,0.02546872228972339,0.15715057892057982,False
2026-05-20,GeneralSupp,137,14,123,83,0.10218978102189781,0.6058394160583942,0.10090552224519976,0.025628153457411255,0.15216182916002227,False
2026-05-21,GeneralSupp,117,9,108,57,0.07692307692307693,0.48717948717948717,0.10299102798034053,0.02433747076572042,0.15166596951178138,False
2026-05-22,GeneralSupp,139,20,119,79,0.14388489208633093,0.5683453237410072,0.0995569620462746,0.024384904191777867,0.14832677042983033,False
2026-05-23,GeneralSupp,58,6,52,28,0.10344827586206896,0.4827586206896552,0.10212633511924481,0.027079389720652124,0.15628511456054905,False
2026-05-24,GeneralSupp,63,6,57,36,0.09523809523809523,0.5714285714285714,0.10356311672844021,0.026533698966619553,0.15663051466167932,False
2026-01-25,Intake,64,7,57,38,0.109375,0.59375,,,,False
2026-01-26,Intake,150,12,138,84,0.08,0.56,,,,False
2026-01-27,Intake,158,13,145,90,0.08227848101265822,0.569620253164557,,,,False
2026-01-28,Intake,180,15,165,109,0.08333333333333333,0.6055555555555555,,,,False
2026-01-29,Intake,168,12,156,89,0.07142857142857142,0.5297619047619048,,,,False
2026-01-30,Intake,181,15,166,104,0.08287292817679558,0.574585635359116,0.0852830771549126,0.0142575250172274,0.1137981271893674,False
2026-01-31,Intake,56,6,50,27,0.10714285714285714,0.48214285714285715,0.08488138565855975,0.012790220953640529,0.1104618275658408,False
2026-02-01,Intake,89,8,81,47,0.0898876404494382,0.5280898876404494,0.08806159587060224,0.014391697339736408,0.11684499055007505,False
2026-02-02,Intake,160,17,143,80,0.10625,0.5,0.08828985144295673,0.013339754484059321,0.11496936041107537,False
2026-02-03,Intake,150,14,136,84,0.09333333333333334,0.56,0.09028542350485043,0.013840021285063257,0.11796546607497695,False
2026-02-04,Intake,146,14,132,84,0.0958904109589041,0.5753424657534246,0.09059021448769873,0.01308404580759984,0.11675830610289842,False
2026-02-05,Intake,179,11,168,97,0.061452513966480445,0.5418994413407822,0.09107205053053558,0.0125150651184793,0.11610218076749418,False
2026-02-06,Intake,163,11,152,99,0.06748466257668712,0.6073619631901841,0.08860375581686432,0.014679843168423847,0.11796344215371202,False
2026-02-07,Intake,68,6,62,37,0.08823529411764706,0.5441176470588235,0.08697921018300453,0.015226574681888719,0.11743235954678197,False
2026-02-08,Intake,76,5,71,40,0.06578947368421052,0.5263157894736842,0.08706893046405043,0.014633070998899529,0.11633507246184949,False
2026-02-09,Intake,156,13,143,77,0.08333333333333333,0.4935897435897436,0.08395567858435117,0.014150862409535855,0.11225740340342288,False
2026-02-10,Intake,158,19,139,89,0.12025316455696203,0.5632911392405063,0.08419377382244642,0.014107161465265987,0.11240809675297839,True
2026-02-11,Intake,166,14,152,94,0.08433734939759036,0.5662650602409639,0.08690625121846811,0.01705367522481333,0.12101360166809477,False
2026-02-12,Intake,184,17,167,115,0.09239130434782608,0.625,0.08697796665162934,0.017039599610813354,0.12105716587325605,False
2026-02-13,Intake,166,17,149,95,0.10240963855421686,0.572289156626506,0.08847530471729038,0.016479954370989675,0.12143521345926973,False
2026-02-14,Intake,86,2,84,60,0.023255813953488372,0.6976744186046512,0.08987078402996332,0.016793248667056594,0.12345728136407651,False
2026-02-15,Intake,77,8,69,42,0.1038961038961039,0.5454545454545454,0.08387885237357985,0.0237012753784434,0.13128140313046666,False
2026-02-16,Intake,148,11,137,85,0.07432432432432433,0.5743243243243243,0.08487945690548455,0.02426349553374393,0.1334064479729724,False
2026-02-17,Intake,183,18,165,108,0.09836065573770492,0.5901639344262295,0.08259905150007914,0.023591444065067073,0.12978193963021328,False
2026-02-18,Intake,177,12,165,105,0.06779661016949153,0.5932203389830508,0.08295814595753424,0.023804700744623486,0.13056754744678123,False
2026-02-19,Intake,173,18,155,97,0.10404624277456648,0.5606936416184971,0.08095144590114764,0.023814801418433076,0.1285810487380138,False
2026-02-20,Intake,169,9,160,86,0.05325443786982249,0.5088757396449705,0.08399385510172519,0.023852843258051575,0.13169954161782835,False
2026-02-21,Intake,78,3,75,43,0.038461538461538464,0.5512820512820513,0.08297741047980631,0.024891070082333867,0.13275955064447403,False
2026-02-22,Intake,69,6,63,34,0.08695652173913043,0.4927536231884058,0.07942214221865569,0.02750022136336476,0.13442258494538523,False
2026-02-23,Intake,160,8,152,93,0.05,0.58125,0.08093407422257855,0.027273997706252294,0.13548206963508314,False
2026-02-24,Intake,184,108,76,44,0.5869565217391305,0.2391304347826087,0.07855312184162615,0.028476870217249452,0.13550686227612505,True
2026-02-25,Intake,153,15,138,90,0.09803921568627451,0.5882352941176471,0.11188907592606677,0.1391510633378241,0.39019120260171497,False
2026-02-26,Intake,159,12,147,90,0.07547169811320754,0.5660377358490566,0.11286778066097279,0.13899046743106044,0.3908487155230937,False
2026-02-27,Intake,152,19,133,76,0.125,0.5,0.11165923735850003,0.13925551592668167,0.3901702692118634,False
2026-02-28,Intake,66,7,59,34,0.10606060606060606,0.5151515151515151,0.1132728346046274,0.13927097340543904,0.39181478141550546,False
2026-03-01,Intake,77,5,72,47,0.06493506493506493,0.6103896103896104,0.11918746261227865,0.13689199704763877,0.3929714567075562,False
2026-03-02,Intake,167,22,145,93,0.1317365269461078,0.5568862275449101,0.11640453125791872,0.13762086051327796,0.39164625228447464,False
2026-03-03,Intake,181,8,173,115,0.04419889502762431,0.6353591160220995,0.12050540287376041,0.1371249857817734,0.39475537443730724,False
2026-03-04,Intake,156,7,149,88,0.04487179487179487,0.5641025641025641,0.11663670568018322,0.13855439373311523,0.3937454931464137,False
2026-03-05,Intake,169,17,152,86,0.10059171597633136,0.5088757396449705,0.11499921887320488,0.1393094145327655,0.3936180479387359,False
2026-03-06,Intake,159,12,147,86,0.07547169811320754,0.5408805031446541,0.11475246695904524,0.13933336470223845,0.39341919636352213,False
2026-03-07,Intake,70,11,59,35,0.15714285714285714,0.5,0.11633941411928703,0.1387041506648151,0.3937477154489172,False
2026-03-08,Intake,62,6,56,37,0.0967741935483871,0.5967741935483871,0.12481665116795264,0.13719688439087616,0.39921041994970496,False
2026-03-09,Intake,160,18,142,76,0.1125,0.475,0.1255179134400424,0.13701345003922427,0.3995448135184909,False
2026-03-10,Intake,166,15,151,87,0.09036144578313253,0.5240963855421686,0.12998219915432813,0.1353719674294369,0.40072613401320195,False
2026-03-11,Intake,180,10,170,104,0.05555555555555555,0.5777777777777777,0.09451112230032825,0.0320599376716414,0.15863099764361105,False
2026-03-12,Intake,179,15,164,100,0.08379888268156424,0.5586592178770949,0.09147657514813404,0.03367044459877116,0.15881746434567634,False
2026-03-13,Intake,180,12,168,93,0.06666666666666667,0.5166666666666667,0.09207137404587382,0.03343871867453553,0.15894881139494488,False
2026-03-14,Intake,90,7,83,45,0.07777777777777778,0.5,0.08790470737920715,0.03264491005203667,0.1531945274832805,False
2026-03-15,Intake,72,4,68,33,0.05555555555555555,0.4583333333333333,0.08588450535900513,0.03230831400424716,0.15050113336749946,False
2026-03-16,Intake,183,13,170,108,0.07103825136612021,0.5901639344262295,0.08521454040332589,0.03286854376367453,0.15095162793067496,False
2026-03-17,Intake,169,13,156,102,0.07692307692307693,0.6035502958579881,0.08087894929046964,0.030150831387553652,0.14118061206557694,False
2026-03-18,Intake,177,17,160,104,0.096045197740113,0.5875706214689266,0.08321639085443054,0.028300143946687114,0.13981667874780476,False
2026-03-19,Intake,146,18,128,71,0.1232876712328767,0.4863013698630137,0.08687163391645325,0.02619291585889619,0.13925746563424563,False
2026-03-20,Intake,178,23,155,98,0.12921348314606743,0.550561797752809,0.08849277357763506,0.027762715374251852,0.14401820432613877,False
2026-03-21,Intake,79,8,71,39,0.10126582278481013,0.4936708860759494,0.09233147250855363,0.02948574361270905,0.15130295973397173,False
2026-03-22,Intake,79,8,71,43,0.10126582278481013,0.5443037974683544,0.08834025576869313,0.02313606521107914,0.13461238619085142,False
2026-03-23,Intake,182,16,166,99,0.08791208791208792,0.5439560439560439,0.08866108642843762,0.023292629403232186,0.13524634523490198,False
2026-03-24,Intake,166,18,148,99,0.10843373493975904,0.5963855421686747,0.08690480699358678,0.022261020698264473,0.13142684839011573,False
2026-03-25,Intake,169,15,154,99,0.08875739644970414,0.5857988165680473,0.08819568479048867,0.022988971976295795,0.13417362874308025,False
2026-03-26,Intake,169,19,150,97,0.11242603550295859,0.5739644970414202,0.09056724485435642,0.020988282713591523,0.13254381028153947,False
2026-03-27,Intake,175,15,160,106,0.08571428571428572,0.6057142857142858,0.09261204148445601,0.021661847784938845,0.1359357370543337,False
2026-03-28,Intake,72,8,64,36,0.1111111111111111,0.5,0.09397258570214308,0.02047242963151545,0.134917444965174,False
2026-03-29,Intake,68,4,64,34,0.058823529411764705,0.5,0.09635353808309546,0.020382226505816378,0.13711799109472822,False
2026-03-30,Intake,168,14,154,96,0.08333333333333333,0.5714285714285714,0.0965869647871104,0.019891862243204064,0.13637068927351853,False
2026-03-31,Intake,191,14,177,110,0.07329842931937172,0.5759162303664922,0.09746518492762564,0.01892504361577266,0.13531527215917097,False
2026-04-01,Intake,166,13,153,96,0.0783132530120482,0.5783132530120482,0.09720628152736098,0.0192496953580986,0.13570567224355817,False
2026-04-02,Intake,165,13,152,93,0.07878787878787878,0.5636363636363636,0.09593971404678492,0.01990419309185941,0.13574810023050374,False
2026-04-03,Intake,162,10,152,91,0.06172839506172839,0.5617283950617284,0.09276115744357079,0.018718829096502625,0.13019881563657604,False
2026-04-04,Intake,74,9,65,46,0.12162162162162163,0.6216216216216216,0.08794079400897514,0.017240575924294534,0.12242194585756422,False
2026-04-05,Intake,82,5,77,53,0.06097560975609756,0.6463414634146342,0.08939477964017595,0.01919802007899087,0.12779081979815768,False
2026-04-06,Intake,159,11,148,93,0.06918238993710692,0.5849056603773585,0.0865169072809822,0.020271444742885843,0.12705979676675389,False
2026-04-07,Intake,166,17,149,96,0.10240963855421686,0.5783132530120482,0.08517907171134069,0.020783852537528506,0.1267467767863977,False
2026-04-08,Intake,171,16,155,99,0.0935672514619883,0.5789473684210527,0.0847487791123734,0.020322613001459162,0.12539400511529172,False
2026-04-09,Intake,166,13,153,104,0.0783132530120482,0.6265060240963856,0.0850923401846794,0.02043593319540197,0.12596420657548335,False
2026-04-10,Intake,168,11,157,99,0.06547619047619048,0.5892857142857143,0.0826557128639001,0.01890230091347567,0.12046031469085144,False
2026-04-11,Intake,71,3,68,40,0.04225352112676056,0.5633802816901409,0.0812101346326076,0.019417252656368546,0.12004463994534469,False
2026-04-12,Intake,70,5,65,42,0.07142857142857142,0.6,0.07629173534801112,0.019973571633794426,0.11623887861559998,False
2026-04-13,Intake,163,10,153,85,0.06134969325153374,0.5214723926380368,0.07719209549206874,0.01940148566231313,0.115995066816695,False
2026-04-14,Intake,163,21,142,88,0.12883435582822086,0.5398773006134969,0.07562183548622592,0.0197526556588239,0.11512714680387372,True
2026-04-15,Intake,171,18,153,107,0.10526315789473684,0.6257309941520468,0.07958868737971514,0.02430265509741623,0.1281939975745476,False
2026-04-16,Intake,162,13,149,87,0.08024691358024691,0.5370370370370371,0.08151368058562146,0.025243004974406912,0.13199969053443528,False
2026-04-17,Intake,169,20,149,91,0.11834319526627218,0.5384615384615384,0.08161789735650492,0.025233895929428214,0.13208568921536135,False
2026-04-18,Intake,69,5,64,41,0.07246376811594203,0.5942028985507246,0.08566181165682947,0.026314595765576182,0.13829100318798182,False
2026-04-19,Intake,83,10,73,40,0.12048192771084337,0.4819277108433735,0.08215053640642378,0.024353845092399167,0.13085822659122212,False
2026-04-20,Intake,159,19,140,71,0.11949685534591195,0.44654088050314467,0.08640098768890561,0.02553793009415119,0.13747684787720799,False
2026-04-21,Intake,157,15,142,84,0.09554140127388536,0.535031847133758,0.08999487807524884,0.026452349073124957,0.14289957622149874,False
2026-04-22,Intake,166,14,152,94,0.08433734939759036,0.5662650602409639,0.0895042896980823,0.026267435519150423,0.14203916073638315,False
2026-04-23,Intake,188,23,165,91,0.12234042553191489,0.48404255319148937,0.08884501097919673,0.02627344481169424,0.14139190060258522,False
2026-04-24,Intake,149,12,137,78,0.08053691275167785,0.5234899328859061,0.09198980901633005,0.02752116532920924,0.14703213967474854,False
2026-04-25,Intake,84,8,76,49,0.09523809523809523,0.5833333333333334,0.0930655748931506,0.026686764347868003,0.1464391035888866,False
2026-04-26,Intake,77,6,71,48,0.07792207792207792,0.6233766233766234,0.0968501873296745,0.02232748056031695,0.1415051484503084,False
2026-04-27,Intake,182,18,164,105,0.0989010989010989,0.5769230769230769,0.09731400922206782,0.02182044910078608,0.14095490742363997,False
2026-04-28,Intake,175,20,155,92,0.11428571428571428,0.5257142857142857,0.09999625248275104,0.019211536622497055,0.13841932572774515,False
2026-04-29,Intake,160,10,150,94,0.0625,0.5875,0.09895706380114343,0.017878897192368574,0.13471485818588058,False
2026-04-30,Intake,166,10,156,100,0.060240963855421686,0.6024096385542169,0.09590255252294795,0.020218507653977612,0.13633956783090317,False
2026-05-01,Intake,167,15,152,97,0.08982035928143713,0.5808383233532934,0.09447355611403185,0.02203547161017236,0.13854449933437657,False
2026-05-02,Intake,58,3,55,35,0.05172413793103448,0.603448275862069,0.09243621068654363,0.020950652305077543,0.1343375152966987,False
2026-05-03,Intake,76,5,71,44,0.06578947368421052,0.5789473684210527,0.0909548085304788,0.023095018592177382,0.13714484571483357,False
2026-05-04,Intake,165,16,149,94,0.09696969696969697,0.5696969696969697,0.08704820467143361,0.022329215163997947,0.1317066349994295,False
2026-05-05,Intake,178,11,167,104,0.06179775280898876,0.5842696629213483,0.08543912193027539,0.020551984865777986,0.12654309166183136,False
2026-05-06,Intake,154,9,145,84,0.05844155844155844,0.5454545454545454,0.08302886132563993,0.02124313529742684,0.1255151319204936,False
2026-05-07,Intake,165,14,151,91,0.08484848484848485,0.5515151515151515,0.08117916197163766,0.022225149058457565,0.1256294600885528,False
2026-05-08,Intake,157,11,146,100,0.07006369426751592,0.6369426751592356,0.0785011662085355,0.01889292768148928,0.11628702157151406,False
2026-05-09,Intake,75,5,70,36,0.06666666666666667,0.48,0.0777530791739525,0.019013086794106623,0.11577925276216575,False
2026-05-10,Intake,80,5,75,36,0.0625,0.45,0.0757122628474219,0.01851889019008286,0.11275004322758761,False
2026-05-11,Intake,178,12,166,123,0.06741573033707865,0.6910112359550562,0.07461068585298776,0.018833343632587,0.11227737311816176,False
2026-05-12,Intake,130,12,118,70,0.09230769230769231,0.5384615384615384,0.07236173095555774,0.0175454724950714,0.10745267594570054,False
2026-05-13,Intake,192,22,170,106,0.11458333333333333,0.5520833333333334,0.07079187224284188,0.014163021930588052,0.09911791610401799,True
2026-05-14,Intake,173,14,159,89,0.08092485549132948,0.5144508670520231,0.07451211033807999,0.018108349096558698,0.11072880853119738,False
2026-05-15,Intake,161,20,141,74,0.12422360248447205,0.45962732919254656,0.07598953116921625,0.01769345567224933,0.11137644251371491,True
2026-05-16,Intake,77,6,71,43,0.07792207792207792,0.5584415584415584,0.07844690568371873,0.02169801662940309,0.1218429389425249,False
2026-05-17,Intake,84,6,78,44,0.07142857142857142,0.5238095238095238,0.08031818711165041,0.02030080794661265,0.1209198030048757,False
2026-05-18,Intake,176,12,164,109,0.06818181818181818,0.6193181818181818,0.0807209798076762,0.02004469392375417,0.12081036765518455,False
2026-05-19,Intake,150,12,138,80,0.08,0.5333333333333333,0.07866470275139914,0.019723630338872665,0.11811196342914447,False
2026-05-20,Intake,153,16,137,91,0.10457516339869281,0.5947712418300654,0.0799648632650428,0.01911685501573352,0.11819857329650985,False
2026-05-21,Intake,175,18,157,92,0.10285714285714286,0.5257142857142857,0.08326012076198097,0.01909751495825774,0.12145515067849645,False
2026-05-22,Intake,174,11,163,98,0.06321839080459771,0.5632183908045977,0.0845464534768851,0.01980608153909051,0.12415861655506612,False
2026-05-23,Intake,77,7,70,42,0.09090909090909091,0.5454545454545454,0.0840575032295338,0.020270175490389414,0.12459785421031264,False
2026-05-24,Intake,93,6,87,54,0.06451612903225806,0.5806451612903226,0.08578910496113555,0.0196976473037211,0.12518439956857774,False
