agent_id,date_key,scheduled_minutes,actual_minutes
1013,20260125,480,434
1014,20260125,480,349
1005,20260125,480,432
1008,20260125,480,404
1017,20260125,480,438
1022,20260125,480,420
1034,20260125,480,426
1015,20260125,480,377
1009,20260125,480,483
1030,20260125,480,429
1040,20260125,480,444
1032,20260125,480,484
1016,20260125,480,504
1028,20260125,480,439
1027,20260125,480,447
1002,20260125,480,439
1030,20260126,480,423
1016,20260126,480,451
1018,20260126,480,432
1019,20260126,480,425
1015,20260126,480,400
1027,20260126,480,462
1021,20260126,480,497
1028,20260126,480,454
1014,20260126,480,446
1002,20260126,480,428
1012,20260126,480,468
1001,20260126,480,419
1013,20260126,480,456
1031,20260126,480,447
1040,20260126,480,379
1038,20260126,480,424
1033,20260126,480,470
1037,20260126,480,476
1007,20260126,480,504
1025,20260126,480,424
1023,20260126,480,420
1020,20260126,480,461
1035,20260126,480,441
1009,20260126,480,424
1005,20260126,480,459
1036,20260126,480,466
1008,20260126,480,492
1006,20260126,480,424
1022,20260126,480,412
1032,20260126,480,485
1029,20260126,480,412
1010,20260126,480,482
1026,20260126,480,414
1024,20260126,480,407
1025,20260127,480,462
1029,20260127,480,438
1018,20260127,480,436
1016,20260127,480,440
1009,20260127,480,400
1034,20260127,480,415
1026,20260127,480,439
1010,20260127,480,426
1004,20260127,480,401
1036,20260127,480,446
1024,20260127,480,471
1032,20260127,480,470
1005,20260127,480,393
1006,20260127,480,443
1017,20260127,480,412
1031,20260127,480,398
1039,20260127,480,411
1040,20260127,480,389
1033,20260127,480,379
1020,20260127,480,441
1037,20260127,480,447
1027,20260127,480,466
1022,20260127,480,466
1011,20260127,480,465
1002,20260127,480,425
1008,20260127,480,404
1012,20260127,480,456
1030,20260127,480,439
1021,20260127,480,382
1014,20260127,480,434
1013,20260127,480,419
1007,20260127,480,438
1001,20260127,480,424
1003,20260127,480,458
1022,20260128,480,427
1016,20260128,480,464
1019,20260128,480,486
1021,20260128,480,419
1025,20260128,480,420
1036,20260128,480,452
1001,20260128,480,414
1031,20260128,480,400
1020,20260128,480,455
1002,20260128,480,433
1028,20260128,480,487
1003,20260128,480,423
1035,20260128,480,437
1037,20260128,480,452
1009,20260128,480,459
1006,20260128,480,436
1040,20260128,480,425
1004,20260128,480,451
1039,20260128,480,482
1029,20260128,480,405
1015,20260128,480,413
1023,20260128,480,427
1018,20260128,480,452
1032,20260128,480,473
1005,20260128,480,420
1024,20260128,480,470
1013,20260128,480,449
1012,20260128,480,451
1017,20260128,480,398
1030,20260128,480,436
1033,20260128,480,484
1034,20260128,480,504
1027,20260128,480,450
1038,20260128,480,473
1028,20260129,480,472
1026,20260129,480,426
1039,20260129,480,471
1014,20260129,480,443
1009,20260129,480,470
1034,20260129,480,422
1010,20260129,480,467
1015,20260129,480,442
1022,20260129,480,420
1038,20260129,480,457
1005,20260129,480,404
1001,20260129,480,436
1016,20260129,480,454
1023,20260129,480,496
1037,20260129,480,432
1019,20260129,480,440
1006,20260129,480,441
1027,20260129,480,440
1011,20260129,480,471
1004,20260129,480,446
1021,20260129,480,403
1035,20260129,480,435
1029,20260129,480,394
1040,20260129,480,459
1025,20260129,480,442
1013,20260129,480,468
1030,20260129,480,409
1033,20260129,480,472
1036,20260129,480,399
1007,20260129,480,452
1020,20260129,480,448
1017,20260129,480,464
1031,20260129,480,441
1008,20260129,480,386
1007,20260130,480,453
1035,20260130,480,446
1003,20260130,480,453
1009,20260130,480,481
1008,20260130,480,452
1036,20260130,480,473
1011,20260130,480,449
1038,20260130,480,419
1018,20260130,480,456
1013,20260130,480,493
1002,20260130,480,469
1023,20260130,480,430
1015,20260130,480,423
1012,20260130,480,449
1019,20260130,480,426
1001,20260130,480,449
1010,20260130,480,435
1017,20260130,480,464
1014,20260130,480,395
1005,20260130,480,434
1024,20260130,480,470
1031,20260130,480,428
1033,20260130,480,422
1021,20260130,480,453
1020,20260130,480,463
1016,20260130,480,486
1022,20260130,480,504
1026,20260130,480,499
1027,20260130,480,428
1029,20260130,480,403
1039,20260130,480,448
1028,20260130,480,418
1037,20260130,480,444
1040,20260130,480,495
1022,20260131,480,502
1040,20260131,480,456
1029,20260131,480,474
1007,20260131,480,442
1025,20260131,480,426
1034,20260131,480,459
1035,20260131,480,410
1017,20260131,480,410
1012,20260131,480,461
1031,20260131,480,398
1030,20260131,480,434
1015,20260131,480,417
1008,20260131,480,448
1011,20260131,480,436
1027,20260131,480,484
1036,20260131,480,450
1019,20260201,480,430
1020,20260201,480,447
1010,20260201,480,417
1033,20260201,480,411
1018,20260201,480,410
1030,20260201,480,355
1036,20260201,480,402
1003,20260201,480,406
1005,20260201,480,371
1034,20260201,480,429
1031,20260201,480,385
1023,20260201,480,476
1024,20260201,480,415
1021,20260201,480,432
1037,20260201,480,409
1026,20260201,480,388
1025,20260202,480,504
1026,20260202,480,472
1001,20260202,480,364
1038,20260202,480,468
1008,20260202,480,418
1011,20260202,480,406
1020,20260202,480,418
1034,20260202,480,450
1010,20260202,480,464
1030,20260202,480,425
1029,20260202,480,451
1006,20260202,480,392
1032,20260202,480,433
1028,20260202,480,433
1012,20260202,480,440
1036,20260202,480,427
1014,20260202,480,393
1016,20260202,480,482
1009,20260202,480,475
1003,20260202,480,467
1027,20260202,480,424
1007,20260202,480,478
1018,20260202,480,445
1031,20260202,480,473
1033,20260202,480,434
1019,20260202,480,421
1040,20260202,480,418
1015,20260202,480,475
1004,20260202,480,448
1017,20260202,480,441
1035,20260202,480,450
1022,20260202,480,426
1021,20260202,480,459
1024,20260202,480,402
1003,20260203,480,440
1033,20260203,480,397
1034,20260203,480,447
1020,20260203,480,474
1038,20260203,480,377
1025,20260203,480,441
1019,20260203,480,452
1002,20260203,480,470
1032,20260203,480,433
1007,20260203,480,420
1026,20260203,480,462
1001,20260203,480,463
1010,20260203,480,422
1012,20260203,480,446
1014,20260203,480,460
1022,20260203,480,403
1016,20260203,480,478
1036,20260203,480,449
1039,20260203,480,465
1023,20260203,480,446
1029,20260203,480,453
1015,20260203,480,431
1028,20260203,480,477
1017,20260203,480,496
1013,20260203,480,448
1031,20260203,480,486
1027,20260203,480,457
1006,20260203,480,392
1004,20260203,480,428
1030,20260203,480,437
1040,20260203,480,490
1035,20260203,480,427
1021,20260203,480,420
1024,20260203,480,465
1021,20260204,480,451
1034,20260204,480,449
1036,20260204,480,462
1015,20260204,480,432
1037,20260204,480,439
1022,20260204,480,436
1005,20260204,480,468
1039,20260204,480,460
1001,20260204,480,487
1033,20260204,480,434
1026,20260204,480,427
1019,20260204,480,469
1006,20260204,480,428
1002,20260204,480,407
1023,20260204,480,450
1028,20260204,480,479
1012,20260204,480,378
1024,20260204,480,410
1007,20260204,480,435
1030,20260204,480,444
1016,20260204,480,424
1027,20260204,480,410
1018,20260204,480,403
1025,20260204,480,473
1038,20260204,480,460
1004,20260204,480,436
1040,20260204,480,441
1014,20260204,480,465
1031,20260204,480,416
1010,20260204,480,432
1035,20260204,480,417
1013,20260204,480,447
1029,20260204,480,424
1008,20260204,480,470
1018,20260205,480,436
1013,20260205,480,486
1012,20260205,480,465
1034,20260205,480,473
1030,20260205,480,404
1035,20260205,480,466
1025,20260205,480,471
1015,20260205,480,375
1007,20260205,480,437
1040,20260205,480,450
1003,20260205,480,457
1039,20260205,480,422
1010,20260205,480,433
1029,20260205,480,444
1005,20260205,480,453
1024,20260205,480,384
1022,20260205,480,478
1009,20260205,480,441
1023,20260205,480,463
1014,20260205,480,443
1006,20260205,480,456
1019,20260205,480,421
1031,20260205,480,481
1037,20260205,480,401
1008,20260205,480,440
1026,20260205,480,450
1004,20260205,480,439
1027,20260205,480,465
1038,20260205,480,417
1020,20260205,480,414
1028,20260205,480,437
1017,20260205,480,451
1036,20260205,480,440
1002,20260205,480,489
1039,20260206,480,386
1015,20260206,480,462
1008,20260206,480,423
1031,20260206,480,491
1001,20260206,480,482
1007,20260206,480,445
1033,20260206,480,431
1018,20260206,480,451
1026,20260206,480,414
1025,20260206,480,400
1022,20260206,480,433
1029,20260206,480,433
1040,20260206,480,471
1005,20260206,480,440
1028,20260206,480,461
1006,20260206,480,477
1020,20260206,480,476
1034,20260206,480,429
1010,20260206,480,430
1013,20260206,480,414
1038,20260206,480,428
1021,20260206,480,473
1003,20260206,480,415
1036,20260206,480,504
1024,20260206,480,443
1011,20260206,480,450
1017,20260206,480,504
1035,20260206,480,406
1002,20260206,480,440
1037,20260206,480,427
1016,20260206,480,395
1012,20260206,480,451
1019,20260206,480,462
1023,20260206,480,407
1013,20260207,480,415
1029,20260207,480,432
1030,20260207,480,430
1036,20260207,480,429
1020,20260207,480,476
1023,20260207,480,437
1005,20260207,480,415
1009,20260207,480,468
1035,20260207,480,430
1015,20260207,480,441
1016,20260207,480,435
1008,20260207,480,472
1037,20260207,480,422
1001,20260207,480,436
1033,20260207,480,450
1038,20260207,480,428
1032,20260208,480,496
1005,20260208,480,474
1009,20260208,480,474
1002,20260208,480,504
1012,20260208,480,464
1016,20260208,480,445
1037,20260208,480,432
1023,20260208,480,395
1019,20260208,480,461
1015,20260208,480,430
1020,20260208,480,451
1017,20260208,480,434
1003,20260208,480,406
1010,20260208,480,490
1026,20260208,480,400
1004,20260208,480,470
1005,20260209,480,492
1038,20260209,480,370
1021,20260209,480,451
1015,20260209,480,459
1016,20260209,480,444
1018,20260209,480,485
1007,20260209,480,426
1026,20260209,480,477
1025,20260209,480,454
1040,20260209,480,399
1004,20260209,480,425
1020,20260209,480,456
1031,20260209,480,385
1039,20260209,480,437
1029,20260209,480,487
1014,20260209,480,425
1033,20260209,480,411
1010,20260209,480,443
1030,20260209,480,503
1036,20260209,480,417
1019,20260209,480,416
1001,20260209,480,457
1027,20260209,480,464
1011,20260209,480,448
1003,20260209,480,407
1032,20260209,480,433
1009,20260209,480,437
1028,20260209,480,414
1012,20260209,480,461
1024,20260209,480,443
1006,20260209,480,473
1035,20260209,480,439
1008,20260209,480,440
1013,20260209,480,439
1002,20260210,480,412
1034,20260210,480,399
1032,20260210,480,457
1039,20260210,480,468
1037,20260210,480,426
1012,20260210,480,419
1021,20260210,480,438
1006,20260210,480,468
1036,20260210,480,406
1020,20260210,480,453
1013,20260210,480,426
1009,20260210,480,474
1026,20260210,480,446
1040,20260210,480,473
1010,20260210,480,451
1016,20260210,480,457
1025,20260210,480,435
1011,20260210,480,464
1022,20260210,480,455
1031,20260210,480,459
1017,20260210,480,396
1019,20260210,480,431
1030,20260210,480,433
1023,20260210,480,414
1038,20260210,480,436
1004,20260210,480,433
1008,20260210,480,402
1007,20260210,480,447
1029,20260210,480,434
1005,20260210,480,455
1015,20260210,480,470
1033,20260210,480,419
1001,20260210,480,375
1003,20260210,480,427
1033,20260211,480,479
1016,20260211,480,455
1022,20260211,480,457
1009,20260211,480,495
1035,20260211,480,391
1029,20260211,480,355
1028,20260211,480,462
1006,20260211,480,454
1008,20260211,480,429
1024,20260211,480,434
1013,20260211,480,419
1004,20260211,480,446
1020,20260211,480,380
1012,20260211,480,426
1034,20260211,480,434
1019,20260211,480,504
1017,20260211,480,476
1001,20260211,480,478
1026,20260211,480,463
1003,20260211,480,432
1025,20260211,480,463
1040,20260211,480,470
1039,20260211,480,425
1011,20260211,480,478
1032,20260211,480,474
1031,20260211,480,467
1015,20260211,480,419
1018,20260211,480,473
1021,20260211,480,411
1030,20260211,480,443
1027,20260211,480,466
1010,20260211,480,411
1002,20260211,480,442
1038,20260211,480,425
1004,20260212,480,403
1037,20260212,480,430
1026,20260212,480,477
1006,20260212,480,428
1040,20260212,480,418
1017,20260212,480,414
1001,20260212,480,427
1010,20260212,480,460
1020,20260212,480,435
1008,20260212,480,473
1025,20260212,480,460
1034,20260212,480,460
1027,20260212,480,425
1038,20260212,480,373
1009,20260212,480,435
1014,20260212,480,433
1016,20260212,480,433
1012,20260212,480,467
1032,20260212,480,429
1002,20260212,480,462
1029,20260212,480,455
1028,20260212,480,433
1024,20260212,480,443
1007,20260212,480,444
1003,20260212,480,455
1030,20260212,480,425
1035,20260212,480,398
1036,20260212,480,431
1015,20260212,480,487
1033,20260212,480,384
1039,20260212,480,471
1019,20260212,480,442
1022,20260212,480,442
1005,20260212,480,414
1038,20260213,480,419
1002,20260213,480,429
1020,20260213,480,461
1031,20260213,480,458
1003,20260213,480,431
1024,20260213,480,433
1013,20260213,480,464
1005,20260213,480,444
1032,20260213,480,478
1014,20260213,480,413
1033,20260213,480,451
1030,20260213,480,451
1039,20260213,480,454
1010,20260213,480,452
1036,20260213,480,457
1028,20260213,480,465
1037,20260213,480,375
1017,20260213,480,454
1040,20260213,480,451
1011,20260213,480,402
1025,20260213,480,404
1012,20260213,480,415
1023,20260213,480,444
1004,20260213,480,504
1026,20260213,480,504
1001,20260213,480,453
1035,20260213,480,459
1016,20260213,480,407
1029,20260213,480,396
1006,20260213,480,411
1034,20260213,480,463
1007,20260213,480,383
1022,20260213,480,463
1015,20260213,480,473
1013,20260214,480,454
1034,20260214,480,440
1021,20260214,480,446
1011,20260214,480,428
1016,20260214,480,425
1025,20260214,480,428
1026,20260214,480,430
1015,20260214,480,458
1032,20260214,480,436
1022,20260214,480,457
1005,20260214,480,401
1038,20260214,480,451
1003,20260214,480,497
1009,20260214,480,458
1018,20260214,480,455
1027,20260214,480,458
1016,20260215,480,446
1004,20260215,480,455
1001,20260215,480,406
1009,20260215,480,455
1011,20260215,480,447
1022,20260215,480,422
1002,20260215,480,425
1005,20260215,480,437
1034,20260215,480,440
1014,20260215,480,398
1040,20260215,480,468
1028,20260215,480,453
1035,20260215,480,402
1037,20260215,480,480
1007,20260215,480,469
1003,20260215,480,387
1040,20260216,480,450
1034,20260216,480,379
1038,20260216,480,471
1017,20260216,480,439
1013,20260216,480,463
1004,20260216,480,453
1035,20260216,480,409
1014,20260216,480,477
1032,20260216,480,408
1001,20260216,480,429
1016,20260216,480,408
1020,20260216,480,472
1019,20260216,480,405
1007,20260216,480,485
1012,20260216,480,407
1029,20260216,480,419
1033,20260216,480,504
1009,20260216,480,430
1006,20260216,480,500
1022,20260216,480,455
1002,20260216,480,435
1021,20260216,480,428
1023,20260216,480,433
1036,20260216,480,457
1025,20260216,480,426
1030,20260216,480,408
1037,20260216,480,428
1010,20260216,480,473
1024,20260216,480,406
1011,20260216,480,431
1005,20260216,480,453
1003,20260216,480,434
1015,20260216,480,463
1008,20260216,480,452
1028,20260217,480,426
1014,20260217,480,471
1007,20260217,480,441
1034,20260217,480,462
1017,20260217,480,463
1003,20260217,480,449
1006,20260217,480,463
1016,20260217,480,429
1031,20260217,480,455
1004,20260217,480,442
1030,20260217,480,427
1020,20260217,480,459
1035,20260217,480,454
1010,20260217,480,487
1012,20260217,480,444
1015,20260217,480,440
1023,20260217,480,465
1037,20260217,480,441
1027,20260217,480,482
1036,20260217,480,458
1019,20260217,480,428
1026,20260217,480,456
1018,20260217,480,445
1039,20260217,480,427
1011,20260217,480,401
1033,20260217,480,441
1001,20260217,480,417
1024,20260217,480,492
1038,20260217,480,455
1022,20260217,480,430
1008,20260217,480,412
1032,20260217,480,463
1005,20260217,480,471
1013,20260217,480,504
1022,20260218,480,414
1003,20260218,480,448
1029,20260218,480,494
1027,20260218,480,485
1025,20260218,480,457
1021,20260218,480,445
1033,20260218,480,426
1023,20260218,480,471
1009,20260218,480,419
1012,20260218,480,443
1004,20260218,480,413
1002,20260218,480,438
1015,20260218,480,445
1013,20260218,480,416
1024,20260218,480,427
1030,20260218,480,405
1016,20260218,480,427
1001,20260218,480,454
1010,20260218,480,447
1020,20260218,480,474
1040,20260218,480,448
1039,20260218,480,392
1036,20260218,480,463
1026,20260218,480,464
1037,20260218,480,388
1005,20260218,480,426
1011,20260218,480,451
1019,20260218,480,383
1017,20260218,480,430
1006,20260218,480,504
1007,20260218,480,489
1031,20260218,480,437
1014,20260218,480,500
1035,20260218,480,422
1025,20260219,480,482
1007,20260219,480,419
1010,20260219,480,451
1032,20260219,480,393
1040,20260219,480,473
1030,20260219,480,471
1039,20260219,480,455
1028,20260219,480,485
1023,20260219,480,481
1035,20260219,480,465
1037,20260219,480,475
1024,20260219,480,446
1001,20260219,480,469
1005,20260219,480,441
1027,20260219,480,450
1020,20260219,480,416
1021,20260219,480,478
1008,20260219,480,469
1033,20260219,480,431
1003,20260219,480,404
1038,20260219,480,448
1012,20260219,480,459
1017,20260219,480,452
1009,20260219,480,449
1022,20260219,480,392
1034,20260219,480,504
1011,20260219,480,398
1004,20260219,480,464
1019,20260219,480,439
1002,20260219,480,453
1015,20260219,480,449
1018,20260219,480,429
1013,20260219,480,432
1026,20260219,480,403
1035,20260220,480,477
1011,20260220,480,459
1038,20260220,480,427
1020,20260220,480,396
1021,20260220,480,383
1014,20260220,480,399
1016,20260220,480,464
1024,20260220,480,444
1004,20260220,480,468
1002,20260220,480,426
1027,20260220,480,435
1007,20260220,480,475
1039,20260220,480,394
1029,20260220,480,477
1028,20260220,480,403
1017,20260220,480,476
1037,20260220,480,404
1015,20260220,480,399
1025,20260220,480,478
1023,20260220,480,469
1010,20260220,480,475
1009,20260220,480,406
1034,20260220,480,439
1012,20260220,480,454
1001,20260220,480,481
1030,20260220,480,435
1003,20260220,480,447
1013,20260220,480,470
1008,20260220,480,402
1026,20260220,480,453
1022,20260220,480,409
1036,20260220,480,443
1018,20260220,480,453
1032,20260220,480,471
1037,20260221,480,469
1008,20260221,480,400
1031,20260221,480,402
1021,20260221,480,440
1009,20260221,480,429
1011,20260221,480,461
1040,20260221,480,475
1002,20260221,480,408
1018,20260221,480,494
1028,20260221,480,484
1007,20260221,480,502
1038,20260221,480,414
1027,20260221,480,481
1023,20260221,480,421
1017,20260221,480,417
1005,20260221,480,457
1032,20260222,480,424
1023,20260222,480,376
1017,20260222,480,455
1027,20260222,480,477
1007,20260222,480,405
1029,20260222,480,477
1014,20260222,480,504
1012,20260222,480,479
1013,20260222,480,451
1024,20260222,480,449
1038,20260222,480,443
1016,20260222,480,444
1008,20260222,480,467
1036,20260222,480,464
1022,20260222,480,483
1040,20260222,480,407
1003,20260223,480,434
1030,20260223,480,386
1002,20260223,480,414
1037,20260223,480,420
1004,20260223,480,435
1028,20260223,480,409
1001,20260223,480,446
1036,20260223,480,491
1031,20260223,480,428
1013,20260223,480,459
1019,20260223,480,455
1040,20260223,480,483
1027,20260223,480,457
1007,20260223,480,459
1009,20260223,480,451
1008,20260223,480,454
1035,20260223,480,459
1026,20260223,480,446
1012,20260223,480,440
1034,20260223,480,437
1010,20260223,480,425
1033,20260223,480,467
1020,20260223,480,424
1029,20260223,480,468
1011,20260223,480,450
1015,20260223,480,436
1038,20260223,480,453
1032,20260223,480,449
1016,20260223,480,451
1022,20260223,480,469
1005,20260223,480,461
1006,20260223,480,423
1017,20260223,480,431
1024,20260223,480,467
1018,20260224,480,439
1027,20260224,480,404
1025,20260224,480,460
1032,20260224,480,436
1037,20260224,480,355
1015,20260224,480,427
1024,20260224,480,504
1007,20260224,480,486
1017,20260224,480,444
1014,20260224,480,452
1003,20260224,480,436
1001,20260224,480,382
1020,20260224,480,459
1012,20260224,480,444
1002,20260224,480,446
1030,20260224,480,441
1011,20260224,480,452
1016,20260224,480,452
1008,20260224,480,463
1039,20260224,480,434
1031,20260224,480,425
1010,20260224,480,436
1034,20260224,480,419
1038,20260224,480,432
1040,20260224,480,430
1004,20260224,480,438
1036,20260224,480,423
1013,20260224,480,458
1019,20260224,480,474
1009,20260224,480,445
1023,20260224,480,418
1028,20260224,480,396
1035,20260224,480,417
1021,20260224,480,397
1014,20260225,480,455
1033,20260225,480,424
1025,20260225,480,425
1034,20260225,480,448
1003,20260225,480,500
1020,20260225,480,434
1024,20260225,480,456
1022,20260225,480,464
1031,20260225,480,419
1011,20260225,480,426
1027,20260225,480,394
1030,20260225,480,461
1037,20260225,480,477
1036,20260225,480,504
1016,20260225,480,434
1004,20260225,480,416
1019,20260225,480,438
1001,20260225,480,493
1021,20260225,480,435
1015,20260225,480,421
1009,20260225,480,437
1023,20260225,480,437
1032,20260225,480,419
1012,20260225,480,440
1026,20260225,480,436
1035,20260225,480,368
1013,20260225,480,482
1039,20260225,480,420
1008,20260225,480,434
1018,20260225,480,463
1017,20260225,480,486
1006,20260225,480,408
1010,20260225,480,479
1028,20260225,480,464
1018,20260226,480,504
1040,20260226,480,441
1028,20260226,480,480
1026,20260226,480,405
1030,20260226,480,452
1007,20260226,480,475
1012,20260226,480,406
1006,20260226,480,420
1031,20260226,480,481
1013,20260226,480,404
1019,20260226,480,447
1034,20260226,480,442
1009,20260226,480,461
1022,20260226,480,479
1036,20260226,480,473
1025,20260226,480,441
1010,20260226,480,475
1011,20260226,480,457
1039,20260226,480,440
1038,20260226,480,460
1021,20260226,480,432
1003,20260226,480,447
1032,20260226,480,473
1005,20260226,480,458
1017,20260226,480,462
1024,20260226,480,442
1023,20260226,480,426
1035,20260226,480,435
1020,20260226,480,444
1029,20260226,480,457
1033,20260226,480,495
1027,20260226,480,451
1001,20260226,480,402
1014,20260226,480,457
1004,20260227,480,434
1002,20260227,480,474
1029,20260227,480,411
1040,20260227,480,454
1038,20260227,480,447
1019,20260227,480,457
1024,20260227,480,443
1023,20260227,480,400
1027,20260227,480,472
1011,20260227,480,433
1015,20260227,480,429
1014,20260227,480,416
1025,20260227,480,410
1016,20260227,480,504
1018,20260227,480,475
1036,20260227,480,493
1013,20260227,480,444
1030,20260227,480,418
1035,20260227,480,444
1037,20260227,480,433
1039,20260227,480,474
1033,20260227,480,421
1007,20260227,480,465
1034,20260227,480,475
1028,20260227,480,408
1031,20260227,480,428
1026,20260227,480,468
1022,20260227,480,432
1001,20260227,480,492
1005,20260227,480,456
1009,20260227,480,417
1006,20260227,480,461
1021,20260227,480,452
1032,20260227,480,437
1021,20260228,480,453
1017,20260228,480,485
1002,20260228,480,438
1038,20260228,480,444
1008,20260228,480,396
1035,20260228,480,491
1019,20260228,480,393
1011,20260228,480,483
1023,20260228,480,445
1025,20260228,480,451
1028,20260228,480,431
1009,20260228,480,412
1020,20260228,480,443
1004,20260228,480,436
1031,20260228,480,446
1003,20260228,480,454
1035,20260301,480,469
1016,20260301,480,426
1024,20260301,480,424
1028,20260301,480,437
1032,20260301,480,404
1008,20260301,480,456
1013,20260301,480,452
1039,20260301,480,426
1033,20260301,480,405
1029,20260301,480,425
1022,20260301,480,485
1025,20260301,480,466
1026,20260301,480,449
1021,20260301,480,472
1031,20260301,480,396
1023,20260301,480,421
1023,20260302,480,443
1010,20260302,480,425
1018,20260302,480,394
1009,20260302,480,427
1024,20260302,480,469
1034,20260302,480,422
1005,20260302,480,469
1030,20260302,480,415
1003,20260302,480,415
1029,20260302,480,427
1039,20260302,480,487
1027,20260302,480,410
1015,20260302,480,471
1004,20260302,480,379
1037,20260302,480,479
1038,20260302,480,487
1007,20260302,480,445
1012,20260302,480,441
1035,20260302,480,454
1006,20260302,480,471
1026,20260302,480,384
1033,20260302,480,503
1001,20260302,480,480
1022,20260302,480,409
1021,20260302,480,438
1031,20260302,480,446
1025,20260302,480,457
1008,20260302,480,436
1019,20260302,480,415
1014,20260302,480,504
1016,20260302,480,460
1028,20260302,480,431
1013,20260302,480,487
1017,20260302,480,455
1011,20260303,480,449
1031,20260303,480,429
1026,20260303,480,443
1005,20260303,480,443
1004,20260303,480,435
1027,20260303,480,420
1040,20260303,480,429
1003,20260303,480,483
1006,20260303,480,411
1036,20260303,480,478
1013,20260303,480,408
1017,20260303,480,398
1015,20260303,480,443
1016,20260303,480,336
1022,20260303,480,422
1032,20260303,480,454
1014,20260303,480,416
1039,20260303,480,484
1012,20260303,480,457
1034,20260303,480,436
1008,20260303,480,414
1019,20260303,480,438
1001,20260303,480,389
1035,20260303,480,449
1010,20260303,480,435
1025,20260303,480,395
1018,20260303,480,452
1038,20260303,480,436
1007,20260303,480,455
1009,20260303,480,413
1029,20260303,480,444
1020,20260303,480,481
1024,20260303,480,501
1033,20260303,480,440
1026,20260304,480,459
1025,20260304,480,438
1039,20260304,480,435
1033,20260304,480,444
1028,20260304,480,499
1031,20260304,480,427
1040,20260304,480,457
1024,20260304,480,465
1003,20260304,480,444
1011,20260304,480,457
1020,20260304,480,476
1018,20260304,480,469
1023,20260304,480,460
1005,20260304,480,442
1027,20260304,480,464
1016,20260304,480,435
1007,20260304,480,446
1034,20260304,480,483
1004,20260304,480,451
1010,20260304,480,435
1038,20260304,480,446
1030,20260304,480,438
1013,20260304,480,443
1012,20260304,480,448
1021,20260304,480,463
1014,20260304,480,412
1008,20260304,480,434
1001,20260304,480,458
1035,20260304,480,464
1015,20260304,480,362
1019,20260304,480,465
1022,20260304,480,391
1006,20260304,480,443
1029,20260304,480,455
1015,20260305,480,471
1026,20260305,480,463
1013,20260305,480,441
1007,20260305,480,420
1033,20260305,480,432
1012,20260305,480,419
1004,20260305,480,462
1031,20260305,480,473
1021,20260305,480,384
1006,20260305,480,463
1017,20260305,480,431
1002,20260305,480,498
1040,20260305,480,449
1037,20260305,480,464
1039,20260305,480,428
1019,20260305,480,499
1011,20260305,480,427
1014,20260305,480,448
1034,20260305,480,463
1032,20260305,480,461
1008,20260305,480,446
1028,20260305,480,452
1035,20260305,480,430
1030,20260305,480,448
1003,20260305,480,415
1009,20260305,480,449
1022,20260305,480,472
1024,20260305,480,471
1025,20260305,480,367
1010,20260305,480,445
1020,20260305,480,439
1029,20260305,480,469
1001,20260305,480,464
1036,20260305,480,446
1011,20260306,480,423
1040,20260306,480,465
1039,20260306,480,431
1016,20260306,480,425
1027,20260306,480,468
1001,20260306,480,471
1019,20260306,480,472
1007,20260306,480,469
1018,20260306,480,430
1003,20260306,480,473
1015,20260306,480,429
1004,20260306,480,431
1005,20260306,480,368
1012,20260306,480,415
1014,20260306,480,405
1002,20260306,480,459
1010,20260306,480,398
1023,20260306,480,461
1026,20260306,480,407
1009,20260306,480,455
1036,20260306,480,391
1025,20260306,480,475
1020,20260306,480,436
1030,20260306,480,504
1006,20260306,480,449
1021,20260306,480,426
1017,20260306,480,400
1034,20260306,480,429
1029,20260306,480,474
1031,20260306,480,433
1035,20260306,480,404
1033,20260306,480,472
1028,20260306,480,384
1008,20260306,480,420
1037,20260307,480,451
1019,20260307,480,432
1025,20260307,480,441
1033,20260307,480,463
1023,20260307,480,449
1005,20260307,480,449
1017,20260307,480,444
1024,20260307,480,440
1009,20260307,480,454
1035,20260307,480,479
1038,20260307,480,444
1001,20260307,480,433
1030,20260307,480,452
1010,20260307,480,447
1031,20260307,480,493
1039,20260307,480,408
1016,20260308,480,447
1024,20260308,480,435
1031,20260308,480,491
1028,20260308,480,418
1006,20260308,480,429
1002,20260308,480,440
1037,20260308,480,418
1015,20260308,480,416
1021,20260308,480,446
1007,20260308,480,445
1003,20260308,480,470
1001,20260308,480,431
1022,20260308,480,475
1026,20260308,480,485
1009,20260308,480,493
1017,20260308,480,416
1015,20260309,480,490
1010,20260309,480,449
1019,20260309,480,491
1012,20260309,480,426
1025,20260309,480,442
1005,20260309,480,439
1007,20260309,480,395
1032,20260309,480,432
1037,20260309,480,380
1030,20260309,480,412
1035,20260309,480,403
1001,20260309,480,460
1033,20260309,480,443
1002,20260309,480,441
1009,20260309,480,439
1034,20260309,480,454
1014,20260309,480,504
1024,20260309,480,443
1003,20260309,480,417
1020,20260309,480,452
1011,20260309,480,415
1004,20260309,480,452
1040,20260309,480,469
1039,20260309,480,442
1006,20260309,480,375
1023,20260309,480,452
1016,20260309,480,480
1018,20260309,480,401
1026,20260309,480,412
1036,20260309,480,477
1022,20260309,480,422
1028,20260309,480,456
1017,20260309,480,446
1027,20260309,480,439
1035,20260310,480,431
1009,20260310,480,432
1003,20260310,480,412
1016,20260310,480,419
1015,20260310,480,425
1004,20260310,480,430
1038,20260310,480,477
1027,20260310,480,473
1026,20260310,480,461
1012,20260310,480,455
1002,20260310,480,443
1040,20260310,480,423
1039,20260310,480,458
1032,20260310,480,418
1017,20260310,480,473
1010,20260310,480,478
1018,20260310,480,458
1030,20260310,480,492
1019,20260310,480,376
1011,20260310,480,460
1005,20260310,480,408
1020,20260310,480,443
1036,20260310,480,425
1033,20260310,480,445
1029,20260310,480,447
1022,20260310,480,443
1001,20260310,480,455
1037,20260310,480,457
1025,20260310,480,471
1013,20260310,480,445
1028,20260310,480,456
1021,20260310,480,407
1006,20260310,480,378
1007,20260310,480,442
1038,20260311,480,459
1004,20260311,480,428
1005,20260311,480,440
1016,20260311,480,426
1019,20260311,480,453
1022,20260311,480,504
1010,20260311,480,466
1024,20260311,480,404
1029,20260311,480,415
1026,20260311,480,459
1006,20260311,480,472
1017,20260311,480,447
1025,20260311,480,504
1002,20260311,480,401
1018,20260311,480,408
1032,20260311,480,458
1003,20260311,480,452
1015,20260311,480,450
1039,20260311,480,477
1001,20260311,480,436
1028,20260311,480,407
1020,20260311,480,441
1040,20260311,480,402
1021,20260311,480,438
1011,20260311,480,408
1035,20260311,480,428
1034,20260311,480,403
1007,20260311,480,453
1014,20260311,480,444
1008,20260311,480,416
1013,20260311,480,443
1027,20260311,480,444
1036,20260311,480,504
1037,20260311,480,451
1039,20260312,480,441
1025,20260312,480,413
1010,20260312,480,440
1021,20260312,480,427
1030,20260312,480,452
1028,20260312,480,443
1026,20260312,480,439
1027,20260312,480,383
1037,20260312,480,467
1017,20260312,480,441
1012,20260312,480,422
1024,20260312,480,426
1022,20260312,480,474
1020,20260312,480,409
1007,20260312,480,465
1005,20260312,480,469
1003,20260312,480,491
1001,20260312,480,370
1004,20260312,480,440
1033,20260312,480,382
1016,20260312,480,463
1009,20260312,480,454
1034,20260312,480,473
1038,20260312,480,440
1035,20260312,480,431
1031,20260312,480,451
1006,20260312,480,465
1014,20260312,480,437
1018,20260312,480,416
1015,20260312,480,412
1036,20260312,480,469
1023,20260312,480,439
1019,20260312,480,419
1002,20260312,480,411
1020,20260313,480,466
1008,20260313,480,458
1003,20260313,480,428
1017,20260313,480,449
1030,20260313,480,465
1013,20260313,480,458
1010,20260313,480,424
1039,20260313,480,422
1007,20260313,480,418
1029,20260313,480,406
1012,20260313,480,449
1024,20260313,480,399
1026,20260313,480,457
1040,20260313,480,455
1036,20260313,480,459
1011,20260313,480,448
1006,20260313,480,467
1015,20260313,480,474
1038,20260313,480,484
1031,20260313,480,424
1022,20260313,480,440
1034,20260313,480,468
1002,20260313,480,484
1019,20260313,480,450
1027,20260313,480,500
1021,20260313,480,481
1028,20260313,480,419
1032,20260313,480,468
1009,20260313,480,467
1016,20260313,480,389
1001,20260313,480,420
1025,20260313,480,399
1014,20260313,480,438
1018,20260313,480,458
1020,20260314,480,414
1039,20260314,480,480
1024,20260314,480,492
1007,20260314,480,418
1014,20260314,480,421
1016,20260314,480,446
1034,20260314,480,433
1033,20260314,480,379
1001,20260314,480,425
1015,20260314,480,373
1002,20260314,480,477
1025,20260314,480,412
1030,20260314,480,461
1003,20260314,480,431
1011,20260314,480,404
1040,20260314,480,442
1037,20260315,480,447
1029,20260315,480,476
1001,20260315,480,451
1025,20260315,480,422
1014,20260315,480,450
1019,20260315,480,424
1026,20260315,480,475
1030,20260315,480,454
1004,20260315,480,459
1032,20260315,480,405
1018,20260315,480,484
1034,20260315,480,418
1024,20260315,480,460
1033,20260315,480,372
1038,20260315,480,442
1040,20260315,480,419
1036,20260316,480,437
1002,20260316,480,479
1026,20260316,480,420
1011,20260316,480,458
1029,20260316,480,473
1017,20260316,480,408
1022,20260316,480,410
1010,20260316,480,451
1040,20260316,480,441
1034,20260316,480,423
1019,20260316,480,444
1037,20260316,480,412
1004,20260316,480,444
1013,20260316,480,403
1033,20260316,480,394
1018,20260316,480,479
1003,20260316,480,414
1038,20260316,480,494
1031,20260316,480,422
1035,20260316,480,464
1039,20260316,480,404
1015,20260316,480,405
1021,20260316,480,439
1025,20260316,480,438
1027,20260316,480,491
1007,20260316,480,442
1014,20260316,480,417
1009,20260316,480,416
1005,20260316,480,372
1028,20260316,480,413
1012,20260316,480,410
1006,20260316,480,421
1032,20260316,480,379
1016,20260316,480,428
1003,20260317,480,441
1033,20260317,480,438
1029,20260317,480,468
1031,20260317,480,478
1024,20260317,480,422
1039,20260317,480,438
1008,20260317,480,460
1014,20260317,480,482
1028,20260317,480,398
1034,20260317,480,428
1026,20260317,480,429
1037,20260317,480,443
1011,20260317,480,414
1021,20260317,480,423
1015,20260317,480,472
1030,20260317,480,482
1005,20260317,480,464
1020,20260317,480,412
1007,20260317,480,443
1012,20260317,480,428
1002,20260317,480,445
1004,20260317,480,460
1036,20260317,480,502
1040,20260317,480,390
1016,20260317,480,402
1027,20260317,480,435
1035,20260317,480,426
1013,20260317,480,417
1017,20260317,480,478
1001,20260317,480,399
1025,20260317,480,469
1010,20260317,480,443
1018,20260317,480,485
1038,20260317,480,425
1036,20260318,480,422
1003,20260318,480,442
1016,20260318,480,429
1022,20260318,480,414
1021,20260318,480,454
1024,20260318,480,493
1012,20260318,480,395
1013,20260318,480,424
1026,20260318,480,403
1014,20260318,480,492
1023,20260318,480,411
1009,20260318,480,440
1031,20260318,480,413
1027,20260318,480,433
1032,20260318,480,428
1028,20260318,480,453
1037,20260318,480,416
1008,20260318,480,410
1011,20260318,480,433
1005,20260318,480,407
1029,20260318,480,455
1015,20260318,480,471
1001,20260318,480,465
1004,20260318,480,441
1017,20260318,480,410
1030,20260318,480,418
1019,20260318,480,493
1025,20260318,480,504
1035,20260318,480,450
1006,20260318,480,418
1007,20260318,480,430
1020,20260318,480,451
1038,20260318,480,437
1034,20260318,480,412
1017,20260319,480,468
1040,20260319,480,392
1003,20260319,480,447
1004,20260319,480,476
1037,20260319,480,409
1014,20260319,480,416
1012,20260319,480,449
1023,20260319,480,452
1019,20260319,480,418
1005,20260319,480,495
1029,20260319,480,447
1024,20260319,480,417
1031,20260319,480,450
1025,20260319,480,465
1034,20260319,480,439
1030,20260319,480,446
1006,20260319,480,504
1015,20260319,480,442
1020,20260319,480,470
1035,20260319,480,478
1002,20260319,480,385
1011,20260319,480,450
1001,20260319,480,458
1022,20260319,480,439
1027,20260319,480,419
1007,20260319,480,442
1032,20260319,480,418
1039,20260319,480,453
1016,20260319,480,420
1026,20260319,480,446
1010,20260319,480,448
1036,20260319,480,442
1028,20260319,480,414
1008,20260319,480,419
1037,20260320,480,439
1023,20260320,480,476
1016,20260320,480,425
1022,20260320,480,429
1004,20260320,480,443
1005,20260320,480,459
1020,20260320,480,431
1038,20260320,480,443
1009,20260320,480,448
1013,20260320,480,477
1030,20260320,480,464
1014,20260320,480,411
1025,20260320,480,466
1021,20260320,480,413
1002,20260320,480,439
1032,20260320,480,478
1006,20260320,480,468
1028,20260320,480,443
1012,20260320,480,466
1001,20260320,480,442
1036,20260320,480,486
1011,20260320,480,415
1031,20260320,480,445
1029,20260320,480,414
1026,20260320,480,465
1039,20260320,480,483
1008,20260320,480,431
1027,20260320,480,401
1040,20260320,480,456
1035,20260320,480,441
1024,20260320,480,401
1017,20260320,480,446
1007,20260320,480,436
1019,20260320,480,486
1029,20260321,480,439
1007,20260321,480,462
1017,20260321,480,395
1034,20260321,480,433
1014,20260321,480,427
1039,20260321,480,419
1025,20260321,480,436
1038,20260321,480,473
1018,20260321,480,464
1023,20260321,480,458
1003,20260321,480,431
1032,20260321,480,493
1011,20260321,480,439
1030,20260321,480,427
1024,20260321,480,431
1033,20260321,480,448
1020,20260322,480,406
1016,20260322,480,414
1018,20260322,480,431
1003,20260322,480,489
1012,20260322,480,422
1024,20260322,480,460
1034,20260322,480,430
1017,20260322,480,422
1005,20260322,480,463
1023,20260322,480,504
1009,20260322,480,358
1038,20260322,480,450
1027,20260322,480,485
1008,20260322,480,486
1019,20260322,480,477
1035,20260322,480,468
1022,20260323,480,433
1024,20260323,480,430
1034,20260323,480,441
1004,20260323,480,450
1003,20260323,480,471
1037,20260323,480,466
1007,20260323,480,504
1016,20260323,480,416
1010,20260323,480,452
1001,20260323,480,453
1036,20260323,480,488
1028,20260323,480,439
1011,20260323,480,466
1009,20260323,480,423
1002,20260323,480,449
1020,20260323,480,447
1029,20260323,480,418
1026,20260323,480,440
1019,20260323,480,452
1023,20260323,480,433
1035,20260323,480,451
1027,20260323,480,431
1017,20260323,480,482
1006,20260323,480,437
1030,20260323,480,434
1015,20260323,480,408
1025,20260323,480,473
1014,20260323,480,502
1033,20260323,480,483
1031,20260323,480,402
1032,20260323,480,419
1008,20260323,480,468
1005,20260323,480,433
1013,20260323,480,419
1004,20260324,480,452
1017,20260324,480,488
1001,20260324,480,427
1036,20260324,480,439
1020,20260324,480,405
1037,20260324,480,429
1031,20260324,480,437
1015,20260324,480,450
1021,20260324,480,432
1005,20260324,480,445
1019,20260324,480,419
1025,20260324,480,448
1038,20260324,480,453
1010,20260324,480,496
1008,20260324,480,428
1013,20260324,480,483
1003,20260324,480,435
1023,20260324,480,413
1034,20260324,480,463
1024,20260324,480,441
1035,20260324,480,420
1028,20260324,480,428
1040,20260324,480,467
1039,20260324,480,463
1033,20260324,480,423
1006,20260324,480,473
1022,20260324,480,457
1027,20260324,480,482
1007,20260324,480,476
1018,20260324,480,478
1012,20260324,480,426
1009,20260324,480,456
1026,20260324,480,473
1011,20260324,480,446
1028,20260325,480,454
1011,20260325,480,451
1019,20260325,480,431
1016,20260325,480,453
1036,20260325,480,453
1001,20260325,480,453
1040,20260325,480,460
1031,20260325,480,465
1034,20260325,480,431
1029,20260325,480,436
1032,20260325,480,381
1022,20260325,480,434
1012,20260325,480,408
1033,20260325,480,403
1007,20260325,480,367
1015,20260325,480,478
1018,20260325,480,437
1020,20260325,480,441
1023,20260325,480,487
1002,20260325,480,455
1038,20260325,480,495
1017,20260325,480,416
1021,20260325,480,430
1039,20260325,480,479
1010,20260325,480,454
1008,20260325,480,449
1006,20260325,480,435
1003,20260325,480,409
1026,20260325,480,471
1027,20260325,480,439
1035,20260325,480,492
1025,20260325,480,454
1013,20260325,480,457
1030,20260325,480,400
1040,20260326,480,451
1037,20260326,480,464
1006,20260326,480,481
1005,20260326,480,482
1010,20260326,480,453
1004,20260326,480,418
1035,20260326,480,430
1015,20260326,480,459
1002,20260326,480,418
1036,20260326,480,458
1033,20260326,480,415
1032,20260326,480,455
1039,20260326,480,438
1024,20260326,480,436
1019,20260326,480,413
1021,20260326,480,466
1007,20260326,480,428
1038,20260326,480,437
1011,20260326,480,446
1014,20260326,480,403
1018,20260326,480,449
1026,20260326,480,482
1016,20260326,480,413
1009,20260326,480,478
1028,20260326,480,448
1003,20260326,480,416
1027,20260326,480,473
1030,20260326,480,445
1020,20260326,480,444
1034,20260326,480,459
1001,20260326,480,406
1013,20260326,480,443
1008,20260326,480,486
1017,20260326,480,448
1018,20260327,480,432
1009,20260327,480,395
1015,20260327,480,405
1001,20260327,480,413
1030,20260327,480,422
1019,20260327,480,466
1003,20260327,480,455
1022,20260327,480,485
1014,20260327,480,455
1035,20260327,480,490
1021,20260327,480,440
1013,20260327,480,459
1033,20260327,480,463
1006,20260327,480,442
1028,20260327,480,481
1031,20260327,480,474
1037,20260327,480,457
1024,20260327,480,442
1026,20260327,480,445
1023,20260327,480,404
1008,20260327,480,459
1038,20260327,480,420
1039,20260327,480,471
1004,20260327,480,369
1011,20260327,480,436
1010,20260327,480,441
1027,20260327,480,481
1032,20260327,480,468
1025,20260327,480,457
1012,20260327,480,458
1034,20260327,480,440
1040,20260327,480,494
1017,20260327,480,455
1020,20260327,480,410
1032,20260328,480,432
1014,20260328,480,444
1035,20260328,480,436
1022,20260328,480,414
1003,20260328,480,475
1018,20260328,480,425
1009,20260328,480,442
1023,20260328,480,433
1031,20260328,480,465
1004,20260328,480,380
1002,20260328,480,412
1027,20260328,480,445
1036,20260328,480,457
1001,20260328,480,472
1039,20260328,480,440
1007,20260328,480,393
1029,20260329,480,409
1013,20260329,480,444
1028,20260329,480,429
1010,20260329,480,449
1003,20260329,480,459
1023,20260329,480,473
1020,20260329,480,502
1027,20260329,480,437
1032,20260329,480,421
1036,20260329,480,457
1033,20260329,480,423
1016,20260329,480,426
1005,20260329,480,427
1007,20260329,480,473
1004,20260329,480,454
1014,20260329,480,394
1010,20260330,480,438
1004,20260330,480,462
1036,20260330,480,462
1040,20260330,480,464
1038,20260330,480,454
1015,20260330,480,444
1030,20260330,480,452
1034,20260330,480,460
1017,20260330,480,444
1002,20260330,480,468
1029,20260330,480,410
1001,20260330,480,442
1003,20260330,480,478
1013,20260330,480,408
1039,20260330,480,450
1031,20260330,480,504
1033,20260330,480,474
1007,20260330,480,472
1024,20260330,480,421
1032,20260330,480,445
1016,20260330,480,453
1014,20260330,480,438
1011,20260330,480,434
1021,20260330,480,438
1035,20260330,480,418
1009,20260330,480,411
1025,20260330,480,480
1022,20260330,480,439
1018,20260330,480,485
1026,20260330,480,428
1005,20260330,480,427
1027,20260330,480,473
1008,20260330,480,420
1023,20260330,480,420
1002,20260331,480,421
1040,20260331,480,424
1010,20260331,480,445
1018,20260331,480,385
1025,20260331,480,489
1039,20260331,480,454
1023,20260331,480,441
1033,20260331,480,467
1036,20260331,480,390
1009,20260331,480,443
1004,20260331,480,442
1021,20260331,480,445
1015,20260331,480,493
1006,20260331,480,437
1014,20260331,480,444
1022,20260331,480,439
1027,20260331,480,441
1038,20260331,480,402
1003,20260331,480,443
1031,20260331,480,477
1019,20260331,480,376
1005,20260331,480,414
1026,20260331,480,452
1034,20260331,480,476
1030,20260331,480,431
1037,20260331,480,429
1008,20260331,480,383
1007,20260331,480,401
1012,20260331,480,442
1028,20260331,480,504
1035,20260331,480,484
1016,20260331,480,460
1020,20260331,480,442
1032,20260331,480,417
1029,20260401,480,459
1034,20260401,480,439
1016,20260401,480,394
1023,20260401,480,446
1004,20260401,480,450
1011,20260401,480,489
1006,20260401,480,440
1014,20260401,480,445
1038,20260401,480,465
1037,20260401,480,464
1005,20260401,480,458
1040,20260401,480,442
1025,20260401,480,429
1019,20260401,480,409
1035,20260401,480,504
1012,20260401,480,449
1026,20260401,480,443
1013,20260401,480,441
1015,20260401,480,385
1017,20260401,480,463
1018,20260401,480,481
1024,20260401,480,442
1030,20260401,480,446
1027,20260401,480,461
1002,20260401,480,425
1010,20260401,480,465
1009,20260401,480,407
1007,20260401,480,413
1021,20260401,480,436
1039,20260401,480,442
1036,20260401,480,421
1032,20260401,480,426
1003,20260401,480,416
1028,20260401,480,448
1035,20260402,480,446
1007,20260402,480,450
1011,20260402,480,399
1032,20260402,480,482
1022,20260402,480,451
1009,20260402,480,446
1004,20260402,480,487
1040,20260402,480,417
1006,20260402,480,418
1017,20260402,480,436
1026,20260402,480,471
1018,20260402,480,435
1021,20260402,480,470
1003,20260402,480,402
1020,20260402,480,446
1019,20260402,480,449
1001,20260402,480,407
1012,20260402,480,433
1010,20260402,480,412
1016,20260402,480,450
1028,20260402,480,477
1031,20260402,480,424
1033,20260402,480,435
1025,20260402,480,475
1038,20260402,480,466
1002,20260402,480,466
1014,20260402,480,434
1008,20260402,480,385
1030,20260402,480,434
1005,20260402,480,450
1034,20260402,480,418
1023,20260402,480,482
1015,20260402,480,424
1024,20260402,480,443
1004,20260403,480,464
1023,20260403,480,392
1001,20260403,480,460
1019,20260403,480,491
1002,20260403,480,428
1021,20260403,480,452
1038,20260403,480,504
1005,20260403,480,433
1022,20260403,480,500
1040,20260403,480,412
1037,20260403,480,444
1035,20260403,480,490
1024,20260403,480,455
1033,20260403,480,417
1006,20260403,480,437
1034,20260403,480,474
1012,20260403,480,469
1020,20260403,480,454
1014,20260403,480,466
1029,20260403,480,504
1025,20260403,480,360
1010,20260403,480,464
1018,20260403,480,431
1015,20260403,480,485
1013,20260403,480,454
1003,20260403,480,381
1039,20260403,480,425
1028,20260403,480,458
1007,20260403,480,472
1026,20260403,480,481
1030,20260403,480,457
1017,20260403,480,421
1008,20260403,480,408
1031,20260403,480,468
1011,20260404,480,425
1039,20260404,480,457
1014,20260404,480,416
1012,20260404,480,423
1027,20260404,480,467
1033,20260404,480,462
1024,20260404,480,460
1017,20260404,480,480
1031,20260404,480,463
1025,20260404,480,437
1016,20260404,480,447
1008,20260404,480,504
1040,20260404,480,421
1037,20260404,480,457
1032,20260404,480,485
1023,20260404,480,498
1036,20260405,480,417
1029,20260405,480,416
1022,20260405,480,453
1027,20260405,480,423
1011,20260405,480,426
1033,20260405,480,439
1030,20260405,480,441
1016,20260405,480,467
1028,20260405,480,427
1015,20260405,480,468
1004,20260405,480,447
1021,20260405,480,436
1002,20260405,480,408
1003,20260405,480,482
1025,20260405,480,422
1006,20260405,480,464
1032,20260406,480,438
1010,20260406,480,456
1017,20260406,480,431
1023,20260406,480,425
1008,20260406,480,446
1002,20260406,480,397
1031,20260406,480,449
1013,20260406,480,450
1035,20260406,480,484
1001,20260406,480,392
1005,20260406,480,394
1014,20260406,480,388
1009,20260406,480,471
1020,20260406,480,382
1029,20260406,480,407
1028,20260406,480,488
1012,20260406,480,431
1037,20260406,480,480
1019,20260406,480,457
1015,20260406,480,469
1024,20260406,480,444
1016,20260406,480,439
1004,20260406,480,454
1026,20260406,480,415
1027,20260406,480,402
1006,20260406,480,466
1030,20260406,480,447
1011,20260406,480,446
1039,20260406,480,480
1034,20260406,480,457
1007,20260406,480,433
1022,20260406,480,405
1040,20260406,480,411
1003,20260406,480,402
1005,20260407,480,477
1007,20260407,480,423
1028,20260407,480,461
1027,20260407,480,464
1019,20260407,480,504
1016,20260407,480,421
1038,20260407,480,462
1032,20260407,480,475
1021,20260407,480,419
1026,20260407,480,423
1014,20260407,480,448
1001,20260407,480,366
1004,20260407,480,416
1020,20260407,480,396
1012,20260407,480,450
1013,20260407,480,485
1029,20260407,480,433
1011,20260407,480,418
1008,20260407,480,479
1006,20260407,480,447
1033,20260407,480,468
1015,20260407,480,418
1010,20260407,480,413
1035,20260407,480,475
1022,20260407,480,471
1017,20260407,480,392
1034,20260407,480,446
1039,20260407,480,411
1009,20260407,480,442
1037,20260407,480,446
1003,20260407,480,454
1040,20260407,480,410
1024,20260407,480,424
1018,20260407,480,483
1029,20260408,480,438
1018,20260408,480,439
1002,20260408,480,434
1010,20260408,480,454
1022,20260408,480,458
1005,20260408,480,435
1015,20260408,480,458
1017,20260408,480,424
1014,20260408,480,484
1004,20260408,480,413
1009,20260408,480,423
1016,20260408,480,425
1036,20260408,480,439
1013,20260408,480,439
1019,20260408,480,444
1011,20260408,480,430
1021,20260408,480,393
1025,20260408,480,419
1020,20260408,480,434
1006,20260408,480,434
1030,20260408,480,424
1012,20260408,480,463
1001,20260408,480,427
1031,20260408,480,473
1024,20260408,480,456
1032,20260408,480,446
1040,20260408,480,461
1027,20260408,480,415
1038,20260408,480,406
1028,20260408,480,427
1026,20260408,480,407
1008,20260408,480,504
1023,20260408,480,452
1033,20260408,480,424
1023,20260409,480,451
1002,20260409,480,438
1030,20260409,480,473
1038,20260409,480,453
1026,20260409,480,440
1034,20260409,480,434
1028,20260409,480,426
1012,20260409,480,471
1009,20260409,480,466
1003,20260409,480,450
1015,20260409,480,460
1008,20260409,480,421
1018,20260409,480,449
1039,20260409,480,379
1031,20260409,480,438
1001,20260409,480,393
1013,20260409,480,504
1010,20260409,480,412
1021,20260409,480,416
1037,20260409,480,465
1040,20260409,480,468
1017,20260409,480,398
1006,20260409,480,404
1019,20260409,480,447
1025,20260409,480,490
1016,20260409,480,504
1032,20260409,480,432
1033,20260409,480,437
1024,20260409,480,454
1004,20260409,480,483
1036,20260409,480,487
1014,20260409,480,456
1029,20260409,480,456
1007,20260409,480,455
1024,20260410,480,444
1010,20260410,480,416
1021,20260410,480,409
1012,20260410,480,450
1028,20260410,480,415
1013,20260410,480,466
1018,20260410,480,480
1040,20260410,480,412
1037,20260410,480,455
1019,20260410,480,448
1011,20260410,480,430
1007,20260410,480,469
1005,20260410,480,403
1014,20260410,480,431
1033,20260410,480,430
1020,20260410,480,436
1004,20260410,480,454
1006,20260410,480,430
1035,20260410,480,448
1003,20260410,480,504
1034,20260410,480,442
1027,20260410,480,426
1038,20260410,480,441
1026,20260410,480,434
1008,20260410,480,443
1036,20260410,480,432
1025,20260410,480,416
1002,20260410,480,472
1015,20260410,480,433
1023,20260410,480,456
1017,20260410,480,444
1022,20260410,480,411
1029,20260410,480,469
1001,20260410,480,451
1040,20260411,480,396
1013,20260411,480,424
1026,20260411,480,456
1016,20260411,480,448
1039,20260411,480,462
1018,20260411,480,437
1021,20260411,480,433
1009,20260411,480,412
1036,20260411,480,424
1011,20260411,480,435
1033,20260411,480,459
1038,20260411,480,429
1015,20260411,480,417
1020,20260411,480,461
1005,20260411,480,483
1002,20260411,480,365
1030,20260412,480,464
1027,20260412,480,429
1023,20260412,480,450
1005,20260412,480,435
1002,20260412,480,444
1013,20260412,480,434
1017,20260412,480,454
1001,20260412,480,420
1032,20260412,480,430
1035,20260412,480,423
1010,20260412,480,394
1004,20260412,480,446
1016,20260412,480,481
1015,20260412,480,464
1008,20260412,480,423
1037,20260412,480,446
1028,20260413,480,377
1019,20260413,480,407
1034,20260413,480,391
1001,20260413,480,407
1025,20260413,480,430
1038,20260413,480,443
1014,20260413,480,473
1037,20260413,480,390
1004,20260413,480,329
1024,20260413,480,427
1022,20260413,480,427
1016,20260413,480,393
1030,20260413,480,404
1031,20260413,480,469
1029,20260413,480,443
1033,20260413,480,456
1039,20260413,480,440
1002,20260413,480,424
1006,20260413,480,462
1035,20260413,480,438
1027,20260413,480,499
1011,20260413,480,448
1021,20260413,480,446
1036,20260413,480,484
1020,20260413,480,439
1032,20260413,480,413
1026,20260413,480,441
1013,20260413,480,435
1018,20260413,480,370
1005,20260413,480,504
1040,20260413,480,416
1017,20260413,480,481
1015,20260413,480,492
1010,20260413,480,445
1001,20260414,480,463
1019,20260414,480,409
1037,20260414,480,480
1018,20260414,480,407
1009,20260414,480,455
1006,20260414,480,448
1030,20260414,480,370
1024,20260414,480,406
1008,20260414,480,409
1005,20260414,480,396
1016,20260414,480,425
1015,20260414,480,453
1004,20260414,480,464
1020,20260414,480,439
1035,20260414,480,495
1028,20260414,480,422
1014,20260414,480,451
1034,20260414,480,470
1010,20260414,480,428
1022,20260414,480,485
1026,20260414,480,464
1039,20260414,480,420
1036,20260414,480,492
1040,20260414,480,412
1007,20260414,480,442
1021,20260414,480,453
1032,20260414,480,448
1013,20260414,480,481
1038,20260414,480,504
1023,20260414,480,474
1012,20260414,480,418
1025,20260414,480,474
1031,20260414,480,456
1017,20260414,480,412
1010,20260415,480,476
1017,20260415,480,425
1018,20260415,480,489
1028,20260415,480,431
1030,20260415,480,503
1031,20260415,480,428
1024,20260415,480,441
1016,20260415,480,402
1001,20260415,480,435
1019,20260415,480,453
1009,20260415,480,403
1021,20260415,480,430
1020,20260415,480,496
1022,20260415,480,415
1039,20260415,480,462
1003,20260415,480,363
1025,20260415,480,464
1006,20260415,480,474
1014,20260415,480,401
1035,20260415,480,496
1033,20260415,480,396
1029,20260415,480,392
1004,20260415,480,499
1023,20260415,480,435
1005,20260415,480,500
1011,20260415,480,487
1008,20260415,480,433
1038,20260415,480,431
1026,20260415,480,402
1012,20260415,480,429
1002,20260415,480,402
1027,20260415,480,457
1037,20260415,480,422
1034,20260415,480,462
1038,20260416,480,474
1035,20260416,480,436
1039,20260416,480,466
1034,20260416,480,427
1028,20260416,480,473
1037,20260416,480,464
1029,20260416,480,395
1027,20260416,480,447
1007,20260416,480,419
1013,20260416,480,408
1004,20260416,480,445
1011,20260416,480,428
1006,20260416,480,466
1015,20260416,480,396
1040,20260416,480,458
1024,20260416,480,438
1001,20260416,480,437
1012,20260416,480,472
1016,20260416,480,441
1009,20260416,480,400
1036,20260416,480,400
1002,20260416,480,438
1018,20260416,480,411
1031,20260416,480,441
1021,20260416,480,413
1025,20260416,480,428
1022,20260416,480,425
1033,20260416,480,436
1005,20260416,480,393
1003,20260416,480,421
1019,20260416,480,439
1008,20260416,480,486
1020,20260416,480,470
1023,20260416,480,414
1025,20260417,480,396
1037,20260417,480,465
1002,20260417,480,502
1039,20260417,480,411
1014,20260417,480,460
1029,20260417,480,430
1006,20260417,480,453
1022,20260417,480,417
1034,20260417,480,420
1032,20260417,480,476
1033,20260417,480,448
1012,20260417,480,451
1026,20260417,480,478
1016,20260417,480,477
1008,20260417,480,465
1001,20260417,480,437
1038,20260417,480,464
1013,20260417,480,460
1009,20260417,480,409
1023,20260417,480,422
1031,20260417,480,487
1040,20260417,480,419
1030,20260417,480,407
1017,20260417,480,482
1028,20260417,480,462
1019,20260417,480,428
1011,20260417,480,492
1027,20260417,480,436
1024,20260417,480,386
1010,20260417,480,467
1018,20260417,480,471
1036,20260417,480,465
1035,20260417,480,479
1021,20260417,480,438
1004,20260418,480,431
1038,20260418,480,432
1007,20260418,480,456
1013,20260418,480,478
1016,20260418,480,417
1020,20260418,480,431
1011,20260418,480,439
1026,20260418,480,447
1009,20260418,480,397
1033,20260418,480,485
1014,20260418,480,442
1018,20260418,480,453
1006,20260418,480,454
1003,20260418,480,401
1035,20260418,480,380
1005,20260418,480,449
1006,20260419,480,456
1032,20260419,480,473
1011,20260419,480,426
1020,20260419,480,487
1009,20260419,480,476
1026,20260419,480,485
1036,20260419,480,407
1037,20260419,480,434
1016,20260419,480,383
1024,20260419,480,495
1033,20260419,480,459
1022,20260419,480,455
1003,20260419,480,454
1019,20260419,480,415
1004,20260419,480,446
1012,20260419,480,441
1005,20260420,480,452
1008,20260420,480,433
1040,20260420,480,428
1001,20260420,480,459
1025,20260420,480,432
1021,20260420,480,453
1018,20260420,480,378
1032,20260420,480,448
1024,20260420,480,500
1003,20260420,480,482
1035,20260420,480,504
1023,20260420,480,441
1002,20260420,480,479
1007,20260420,480,491
1012,20260420,480,457
1034,20260420,480,451
1036,20260420,480,391
1038,20260420,480,423
1033,20260420,480,504
1028,20260420,480,427
1015,20260420,480,456
1037,20260420,480,444
1031,20260420,480,429
1004,20260420,480,449
1020,20260420,480,432
1013,20260420,480,473
1022,20260420,480,409
1026,20260420,480,445
1014,20260420,480,464
1006,20260420,480,419
1011,20260420,480,381
1010,20260420,480,437
1030,20260420,480,456
1016,20260420,480,464
1040,20260421,480,391
1014,20260421,480,455
1025,20260421,480,443
1033,20260421,480,487
1011,20260421,480,487
1028,20260421,480,399
1015,20260421,480,451
1016,20260421,480,493
1024,20260421,480,407
1009,20260421,480,416
1036,20260421,480,405
1039,20260421,480,447
1012,20260421,480,504
1019,20260421,480,458
1006,20260421,480,388
1017,20260421,480,443
1035,20260421,480,457
1008,20260421,480,451
1010,20260421,480,425
1029,20260421,480,383
1037,20260421,480,432
1018,20260421,480,464
1004,20260421,480,470
1023,20260421,480,437
1020,20260421,480,429
1027,20260421,480,490
1022,20260421,480,430
1032,20260421,480,451
1001,20260421,480,447
1021,20260421,480,449
1003,20260421,480,389
1031,20260421,480,477
1007,20260421,480,477
1002,20260421,480,406
1017,20260422,480,428
1020,20260422,480,380
1004,20260422,480,436
1027,20260422,480,408
1015,20260422,480,460
1007,20260422,480,437
1024,20260422,480,408
1036,20260422,480,486
1030,20260422,480,444
1032,20260422,480,419
1002,20260422,480,444
1019,20260422,480,494
1025,20260422,480,384
1038,20260422,480,439
1021,20260422,480,405
1006,20260422,480,428
1001,20260422,480,482
1039,20260422,480,392
1031,20260422,480,464
1013,20260422,480,439
1034,20260422,480,483
1014,20260422,480,461
1018,20260422,480,404
1010,20260422,480,450
1003,20260422,480,421
1022,20260422,480,455
1035,20260422,480,428
1009,20260422,480,467
1033,20260422,480,430
1023,20260422,480,452
1040,20260422,480,450
1011,20260422,480,432
1028,20260422,480,438
1016,20260422,480,500
1019,20260423,480,432
1031,20260423,480,447
1006,20260423,480,473
1039,20260423,480,493
1023,20260423,480,471
1027,20260423,480,427
1016,20260423,480,428
1012,20260423,480,439
1017,20260423,480,444
1035,20260423,480,473
1032,20260423,480,456
1009,20260423,480,456
1028,20260423,480,494
1004,20260423,480,441
1037,20260423,480,453
1036,20260423,480,435
1003,20260423,480,408
1021,20260423,480,431
1007,20260423,480,409
1018,20260423,480,451
1030,20260423,480,435
1005,20260423,480,454
1025,20260423,480,464
1029,20260423,480,406
1001,20260423,480,444
1033,20260423,480,459
1010,20260423,480,450
1020,20260423,480,446
1015,20260423,480,422
1002,20260423,480,396
1008,20260423,480,452
1011,20260423,480,483
1014,20260423,480,438
1022,20260423,480,426
1010,20260424,480,388
1009,20260424,480,496
1019,20260424,480,428
1027,20260424,480,464
1037,20260424,480,386
1031,20260424,480,449
1006,20260424,480,392
1029,20260424,480,440
1001,20260424,480,454
1004,20260424,480,430
1008,20260424,480,432
1017,20260424,480,412
1002,20260424,480,472
1003,20260424,480,456
1013,20260424,480,459
1026,20260424,480,453
1028,20260424,480,502
1032,20260424,480,408
1038,20260424,480,409
1020,20260424,480,425
1021,20260424,480,487
1039,20260424,480,424
1025,20260424,480,460
1018,20260424,480,432
1022,20260424,480,473
1005,20260424,480,469
1015,20260424,480,416
1035,20260424,480,375
1036,20260424,480,463
1016,20260424,480,421
1030,20260424,480,450
1023,20260424,480,453
1012,20260424,480,458
1007,20260424,480,464
1037,20260425,480,444
1030,20260425,480,451
1010,20260425,480,479
1036,20260425,480,459
1025,20260425,480,434
1007,20260425,480,461
1028,20260425,480,411
1032,20260425,480,421
1011,20260425,480,431
1038,20260425,480,461
1012,20260425,480,417
1014,20260425,480,436
1004,20260425,480,405
1027,20260425,480,438
1016,20260425,480,380
1003,20260425,480,457
1008,20260426,480,458
1029,20260426,480,413
1025,20260426,480,409
1038,20260426,480,467
1021,20260426,480,455
1019,20260426,480,405
1014,20260426,480,480
1026,20260426,480,428
1031,20260426,480,497
1027,20260426,480,446
1010,20260426,480,491
1022,20260426,480,442
1036,20260426,480,423
1015,20260426,480,504
1005,20260426,480,459
1007,20260426,480,438
1014,20260427,480,391
1035,20260427,480,413
1002,20260427,480,447
1004,20260427,480,422
1038,20260427,480,418
1040,20260427,480,400
1007,20260427,480,476
1025,20260427,480,430
1013,20260427,480,464
1009,20260427,480,471
1018,20260427,480,410
1017,20260427,480,471
1006,20260427,480,431
1019,20260427,480,413
1031,20260427,480,410
1021,20260427,480,411
1039,20260427,480,457
1022,20260427,480,474
1024,20260427,480,463
1032,20260427,480,476
1010,20260427,480,430
1015,20260427,480,434
1030,20260427,480,487
1016,20260427,480,460
1008,20260427,480,433
1036,20260427,480,452
1003,20260427,480,482
1012,20260427,480,457
1001,20260427,480,437
1026,20260427,480,419
1027,20260427,480,437
1020,20260427,480,437
1034,20260427,480,461
1011,20260427,480,431
1037,20260428,480,409
1010,20260428,480,454
1019,20260428,480,422
1014,20260428,480,461
1005,20260428,480,429
1038,20260428,480,428
1023,20260428,480,446
1024,20260428,480,424
1033,20260428,480,445
1021,20260428,480,419
1011,20260428,480,433
1032,20260428,480,453
1040,20260428,480,421
1018,20260428,480,427
1001,20260428,480,435
1004,20260428,480,415
1025,20260428,480,436
1027,20260428,480,461
1016,20260428,480,398
1020,20260428,480,419
1035,20260428,480,432
1026,20260428,480,462
1015,20260428,480,443
1022,20260428,480,424
1002,20260428,480,476
1006,20260428,480,465
1013,20260428,480,445
1003,20260428,480,504
1028,20260428,480,438
1012,20260428,480,425
1007,20260428,480,423
1017,20260428,480,504
1036,20260428,480,481
1030,20260428,480,454
1039,20260429,480,456
1010,20260429,480,446
1024,20260429,480,433
1034,20260429,480,367
1014,20260429,480,429
1017,20260429,480,492
1012,20260429,480,428
1035,20260429,480,485
1032,20260429,480,428
1040,20260429,480,460
1003,20260429,480,447
1005,20260429,480,455
1027,20260429,480,470
1016,20260429,480,463
1018,20260429,480,432
1028,20260429,480,412
1002,20260429,480,420
1013,20260429,480,465
1009,20260429,480,486
1036,20260429,480,440
1038,20260429,480,477
1006,20260429,480,469
1004,20260429,480,456
1001,20260429,480,499
1011,20260429,480,477
1020,20260429,480,450
1023,20260429,480,407
1031,20260429,480,474
1030,20260429,480,427
1037,20260429,480,419
1029,20260429,480,471
1026,20260429,480,391
1015,20260429,480,468
1025,20260429,480,466
1005,20260430,480,478
1008,20260430,480,439
1026,20260430,480,465
1011,20260430,480,457
1017,20260430,480,414
1007,20260430,480,431
1004,20260430,480,435
1016,20260430,480,448
1027,20260430,480,405
1014,20260430,480,444
1015,20260430,480,462
1038,20260430,480,436
1013,20260430,480,488
1012,20260430,480,454
1023,20260430,480,419
1010,20260430,480,460
1028,20260430,480,417
1003,20260430,480,463
1040,20260430,480,437
1036,20260430,480,473
1024,20260430,480,357
1009,20260430,480,432
1002,20260430,480,398
1001,20260430,480,480
1030,20260430,480,412
1018,20260430,480,456
1006,20260430,480,441
1035,20260430,480,459
1025,20260430,480,446
1037,20260430,480,461
1022,20260430,480,407
1019,20260430,480,420
1033,20260430,480,488
1034,20260430,480,394
1021,20260501,480,465
1039,20260501,480,413
1019,20260501,480,415
1015,20260501,480,407
1028,20260501,480,439
1008,20260501,480,416
1022,20260501,480,458
1032,20260501,480,419
1011,20260501,480,441
1023,20260501,480,406
1029,20260501,480,444
1013,20260501,480,457
1004,20260501,480,422
1014,20260501,480,464
1010,20260501,480,454
1026,20260501,480,424
1003,20260501,480,463
1038,20260501,480,484
1040,20260501,480,485
1030,20260501,480,473
1027,20260501,480,452
1012,20260501,480,417
1025,20260501,480,395
1009,20260501,480,438
1002,20260501,480,417
1001,20260501,480,414
1016,20260501,480,465
1006,20260501,480,504
1005,20260501,480,471
1037,20260501,480,399
1035,20260501,480,494
1024,20260501,480,384
1031,20260501,480,444
1020,20260501,480,393
1040,20260502,480,455
1014,20260502,480,438
1029,20260502,480,421
1008,20260502,480,448
1001,20260502,480,471
1032,20260502,480,402
1034,20260502,480,388
1037,20260502,480,422
1026,20260502,480,446
1039,20260502,480,473
1021,20260502,480,490
1023,20260502,480,472
1002,20260502,480,454
1033,20260502,480,418
1015,20260502,480,452
1007,20260502,480,406
1025,20260503,480,504
1006,20260503,480,403
1014,20260503,480,433
1017,20260503,480,419
1038,20260503,480,456
1011,20260503,480,504
1030,20260503,480,450
1023,20260503,480,437
1021,20260503,480,438
1032,20260503,480,470
1002,20260503,480,481
1020,20260503,480,491
1013,20260503,480,445
1016,20260503,480,416
1022,20260503,480,417
1028,20260503,480,408
1025,20260504,480,364
1016,20260504,480,405
1032,20260504,480,446
1022,20260504,480,400
1005,20260504,480,441
1024,20260504,480,418
1015,20260504,480,439
1027,20260504,480,433
1037,20260504,480,394
1029,20260504,480,456
1018,20260504,480,421
1011,20260504,480,399
1039,20260504,480,421
1020,20260504,480,472
1038,20260504,480,440
1009,20260504,480,438
1003,20260504,480,407
1010,20260504,480,449
1033,20260504,480,466
1021,20260504,480,456
1040,20260504,480,440
1002,20260504,480,449
1023,20260504,480,452
1007,20260504,480,482
1012,20260504,480,487
1001,20260504,480,498
1013,20260504,480,483
1036,20260504,480,499
1008,20260504,480,417
1006,20260504,480,479
1028,20260504,480,410
1017,20260504,480,422
1014,20260504,480,443
1026,20260504,480,449
1011,20260505,480,485
1029,20260505,480,402
1023,20260505,480,479
1040,20260505,480,451
1008,20260505,480,390
1013,20260505,480,415
1032,20260505,480,401
1028,20260505,480,444
1037,20260505,480,457
1004,20260505,480,496
1038,20260505,480,423
1025,20260505,480,459
1018,20260505,480,428
1015,20260505,480,396
1010,20260505,480,432
1014,20260505,480,466
1006,20260505,480,426
1030,20260505,480,412
1007,20260505,480,461
1026,20260505,480,482
1002,20260505,480,432
1031,20260505,480,443
1033,20260505,480,450
1001,20260505,480,497
1019,20260505,480,430
1021,20260505,480,490
1039,20260505,480,449
1020,20260505,480,502
1035,20260505,480,498
1022,20260505,480,481
1027,20260505,480,470
1017,20260505,480,432
1016,20260505,480,492
1003,20260505,480,503
1034,20260506,480,414
1003,20260506,480,431
1023,20260506,480,406
1027,20260506,480,466
1026,20260506,480,388
1037,20260506,480,461
1029,20260506,480,442
1010,20260506,480,475
1031,20260506,480,399
1008,20260506,480,442
1032,20260506,480,442
1006,20260506,480,425
1012,20260506,480,451
1020,20260506,480,451
1033,20260506,480,480
1005,20260506,480,443
1002,20260506,480,474
1030,20260506,480,477
1014,20260506,480,420
1017,20260506,480,437
1040,20260506,480,439
1011,20260506,480,452
1019,20260506,480,412
1022,20260506,480,461
1013,20260506,480,485
1024,20260506,480,443
1007,20260506,480,407
1015,20260506,480,426
1016,20260506,480,437
1009,20260506,480,456
1018,20260506,480,418
1001,20260506,480,476
1004,20260506,480,471
1036,20260506,480,444
1030,20260507,480,451
1025,20260507,480,407
1028,20260507,480,431
1033,20260507,480,466
1032,20260507,480,464
1019,20260507,480,416
1035,20260507,480,449
1015,20260507,480,403
1040,20260507,480,468
1014,20260507,480,451
1036,20260507,480,443
1008,20260507,480,464
1037,20260507,480,440
1004,20260507,480,459
1010,20260507,480,480
1006,20260507,480,449
1026,20260507,480,446
1021,20260507,480,435
1027,20260507,480,441
1022,20260507,480,456
1018,20260507,480,460
1020,20260507,480,457
1031,20260507,480,421
1007,20260507,480,472
1012,20260507,480,444
1013,20260507,480,436
1023,20260507,480,436
1005,20260507,480,456
1038,20260507,480,404
1034,20260507,480,425
1011,20260507,480,410
1001,20260507,480,452
1016,20260507,480,468
1003,20260507,480,463
1016,20260508,480,424
1029,20260508,480,415
1030,20260508,480,469
1036,20260508,480,428
1028,20260508,480,460
1033,20260508,480,449
1004,20260508,480,446
1021,20260508,480,429
1040,20260508,480,476
1015,20260508,480,466
1032,20260508,480,459
1031,20260508,480,471
1011,20260508,480,479
1006,20260508,480,442
1019,20260508,480,407
1025,20260508,480,435
1034,20260508,480,468
1026,20260508,480,421
1010,20260508,480,423
1003,20260508,480,413
1024,20260508,480,426
1002,20260508,480,404
1009,20260508,480,469
1027,20260508,480,416
1038,20260508,480,481
1012,20260508,480,445
1022,20260508,480,439
1037,20260508,480,465
1020,20260508,480,431
1018,20260508,480,411
1017,20260508,480,463
1008,20260508,480,403
1039,20260508,480,455
1023,20260508,480,409
1020,20260509,480,457
1028,20260509,480,460
1031,20260509,480,489
1002,20260509,480,464
1005,20260509,480,440
1024,20260509,480,461
1025,20260509,480,440
1007,20260509,480,424
1026,20260509,480,410
1040,20260509,480,456
1015,20260509,480,447
1022,20260509,480,446
1036,20260509,480,479
1019,20260509,480,415
1009,20260509,480,407
1033,20260509,480,457
1037,20260510,480,420
1012,20260510,480,442
1003,20260510,480,439
1036,20260510,480,481
1021,20260510,480,474
1029,20260510,480,445
1006,20260510,480,489
1039,20260510,480,446
1001,20260510,480,488
1034,20260510,480,401
1038,20260510,480,447
1026,20260510,480,458
1035,20260510,480,424
1014,20260510,480,420
1016,20260510,480,483
1020,20260510,480,429
1025,20260511,480,444
1001,20260511,480,473
1030,20260511,480,432
1027,20260511,480,499
1011,20260511,480,504
1037,20260511,480,437
1038,20260511,480,433
1004,20260511,480,389
1023,20260511,480,449
1012,20260511,480,435
1006,20260511,480,452
1033,20260511,480,442
1039,20260511,480,395
1029,20260511,480,430
1010,20260511,480,468
1017,20260511,480,443
1008,20260511,480,449
1009,20260511,480,424
1015,20260511,480,399
1007,20260511,480,414
1019,20260511,480,420
1028,20260511,480,397
1032,20260511,480,446
1014,20260511,480,382
1002,20260511,480,456
1026,20260511,480,406
1020,20260511,480,374
1003,20260511,480,415
1021,20260511,480,405
1024,20260511,480,429
1013,20260511,480,447
1018,20260511,480,446
1040,20260511,480,450
1035,20260511,480,394
1010,20260512,480,436
1035,20260512,480,469
1037,20260512,480,425
1012,20260512,480,377
1026,20260512,480,432
1023,20260512,480,476
1015,20260512,480,431
1001,20260512,480,462
1034,20260512,480,413
1022,20260512,480,414
1030,20260512,480,458
1002,20260512,480,467
1017,20260512,480,450
1031,20260512,480,463
1025,20260512,480,456
1038,20260512,480,440
1019,20260512,480,479
1032,20260512,480,437
1039,20260512,480,494
1009,20260512,480,427
1005,20260512,480,454
1024,20260512,480,400
1007,20260512,480,435
1029,20260512,480,450
1020,20260512,480,404
1016,20260512,480,410
1036,20260512,480,423
1033,20260512,480,481
1011,20260512,480,460
1006,20260512,480,419
1027,20260512,480,469
1008,20260512,480,419
1018,20260512,480,428
1040,20260512,480,492
1006,20260513,480,443
1008,20260513,480,484
1010,20260513,480,442
1027,20260513,480,409
1032,20260513,480,444
1025,20260513,480,475
1004,20260513,480,434
1014,20260513,480,492
1018,20260513,480,417
1020,20260513,480,462
1034,20260513,480,404
1026,20260513,480,469
1021,20260513,480,469
1009,20260513,480,427
1036,20260513,480,460
1023,20260513,480,429
1016,20260513,480,438
1037,20260513,480,429
1022,20260513,480,438
1030,20260513,480,468
1015,20260513,480,399
1011,20260513,480,433
1024,20260513,480,486
1035,20260513,480,451
1012,20260513,480,453
1029,20260513,480,418
1017,20260513,480,431
1013,20260513,480,475
1033,20260513,480,414
1001,20260513,480,450
1038,20260513,480,444
1028,20260513,480,409
1003,20260513,480,443
1002,20260513,480,436
1032,20260514,480,435
1018,20260514,480,432
1010,20260514,480,504
1023,20260514,480,442
1026,20260514,480,381
1020,20260514,480,454
1004,20260514,480,471
1019,20260514,480,457
1037,20260514,480,437
1027,20260514,480,456
1035,20260514,480,426
1024,20260514,480,461
1007,20260514,480,446
1003,20260514,480,448
1021,20260514,480,472
1016,20260514,480,425
1009,20260514,480,435
1014,20260514,480,448
1031,20260514,480,436
1006,20260514,480,440
1029,20260514,480,480
1002,20260514,480,458
1022,20260514,480,472
1025,20260514,480,434
1034,20260514,480,389
1015,20260514,480,504
1030,20260514,480,408
1017,20260514,480,458
1028,20260514,480,468
1001,20260514,480,463
1011,20260514,480,422
1036,20260514,480,427
1039,20260514,480,416
1033,20260514,480,404
1010,20260515,480,427
1040,20260515,480,445
1036,20260515,480,493
1035,20260515,480,501
1012,20260515,480,460
1017,20260515,480,435
1008,20260515,480,430
1015,20260515,480,424
1006,20260515,480,393
1026,20260515,480,436
1009,20260515,480,442
1022,20260515,480,427
1027,20260515,480,403
1023,20260515,480,398
1013,20260515,480,444
1016,20260515,480,402
1024,20260515,480,438
1014,20260515,480,459
1019,20260515,480,438
1030,20260515,480,457
1032,20260515,480,357
1007,20260515,480,432
1021,20260515,480,473
1002,20260515,480,435
1004,20260515,480,438
1005,20260515,480,484
1001,20260515,480,441
1038,20260515,480,428
1037,20260515,480,477
1033,20260515,480,448
1011,20260515,480,455
1025,20260515,480,449
1039,20260515,480,421
1020,20260515,480,440
1028,20260516,480,411
1005,20260516,480,428
1004,20260516,480,470
1024,20260516,480,495
1040,20260516,480,459
1018,20260516,480,436
1034,20260516,480,435
1033,20260516,480,420
1037,20260516,480,441
1016,20260516,480,396
1026,20260516,480,439
1029,20260516,480,480
1014,20260516,480,386
1023,20260516,480,463
1011,20260516,480,480
1027,20260516,480,479
1036,20260517,480,484
1004,20260517,480,452
1034,20260517,480,423
1011,20260517,480,433
1015,20260517,480,436
1028,20260517,480,464
1024,20260517,480,435
1005,20260517,480,484
1023,20260517,480,479
1040,20260517,480,406
1030,20260517,480,436
1029,20260517,480,482
1002,20260517,480,399
1039,20260517,480,420
1014,20260517,480,450
1010,20260517,480,432
1039,20260518,480,414
1035,20260518,480,453
1034,20260518,480,499
1027,20260518,480,459
1026,20260518,480,420
1010,20260518,480,418
1018,20260518,480,412
1015,20260518,480,469
1019,20260518,480,405
1028,20260518,480,474
1030,20260518,480,458
1029,20260518,480,418
1005,20260518,480,443
1037,20260518,480,410
1017,20260518,480,425
1032,20260518,480,431
1004,20260518,480,450
1003,20260518,480,425
1012,20260518,480,432
1016,20260518,480,425
1023,20260518,480,433
1011,20260518,480,451
1013,20260518,480,429
1031,20260518,480,504
1036,20260518,480,466
1025,20260518,480,423
1001,20260518,480,383
1008,20260518,480,473
1002,20260518,480,447
1006,20260518,480,445
1007,20260518,480,424
1033,20260518,480,459
1020,20260518,480,495
1021,20260518,480,459
1018,20260519,480,448
1021,20260519,480,411
1004,20260519,480,400
1029,20260519,480,422
1020,20260519,480,475
1007,20260519,480,408
1036,20260519,480,472
1027,20260519,480,416
1014,20260519,480,469
1037,20260519,480,413
1019,20260519,480,447
1032,20260519,480,479
1017,20260519,480,448
1003,20260519,480,399
1024,20260519,480,446
1025,20260519,480,455
1001,20260519,480,482
1026,20260519,480,476
1022,20260519,480,442
1009,20260519,480,455
1031,20260519,480,482
1035,20260519,480,473
1015,20260519,480,422
1016,20260519,480,452
1010,20260519,480,372
1030,20260519,480,396
1039,20260519,480,431
1028,20260519,480,432
1011,20260519,480,386
1002,20260519,480,491
1034,20260519,480,470
1013,20260519,480,454
1005,20260519,480,475
1038,20260519,480,462
1003,20260520,480,421
1031,20260520,480,425
1010,20260520,480,475
1018,20260520,480,492
1039,20260520,480,504
1027,20260520,480,416
1017,20260520,480,484
1021,20260520,480,474
1004,20260520,480,502
1008,20260520,480,451
1036,20260520,480,433
1002,20260520,480,425
1035,20260520,480,455
1007,20260520,480,462
1001,20260520,480,480
1029,20260520,480,427
1013,20260520,480,451
1022,20260520,480,385
1028,20260520,480,398
1034,20260520,480,445
1014,20260520,480,426
1024,20260520,480,454
1020,20260520,480,409
1015,20260520,480,459
1040,20260520,480,426
1025,20260520,480,464
1006,20260520,480,438
1038,20260520,480,412
1032,20260520,480,444
1011,20260520,480,462
1012,20260520,480,407
1023,20260520,480,422
1005,20260520,480,418
1016,20260520,480,386
1034,20260521,480,504
1031,20260521,480,455
1024,20260521,480,442
1017,20260521,480,433
1026,20260521,480,451
1007,20260521,480,486
1015,20260521,480,454
1020,20260521,480,479
1032,20260521,480,441
1040,20260521,480,433
1012,20260521,480,449
1039,20260521,480,455
1018,20260521,480,422
1027,20260521,480,455
1006,20260521,480,449
1011,20260521,480,480
1036,20260521,480,433
1028,20260521,480,423
1009,20260521,480,409
1037,20260521,480,443
1010,20260521,480,408
1022,20260521,480,434
1021,20260521,480,441
1013,20260521,480,448
1016,20260521,480,427
1014,20260521,480,397
1038,20260521,480,420
1025,20260521,480,473
1003,20260521,480,387
1030,20260521,480,474
1002,20260521,480,445
1019,20260521,480,487
1008,20260521,480,433
1033,20260521,480,439
1032,20260522,480,484
1004,20260522,480,464
1008,20260522,480,408
1014,20260522,480,435
1040,20260522,480,465
1022,20260522,480,439
1035,20260522,480,450
1003,20260522,480,384
1033,20260522,480,431
1011,20260522,480,424
1038,20260522,480,413
1013,20260522,480,453
1036,20260522,480,486
1010,20260522,480,464
1027,20260522,480,449
1002,20260522,480,367
1034,20260522,480,404
1019,20260522,480,402
1009,20260522,480,418
1007,20260522,480,429
1018,20260522,480,447
1015,20260522,480,443
1024,20260522,480,398
1001,20260522,480,425
1031,20260522,480,479
1028,20260522,480,467
1030,20260522,480,457
1020,20260522,480,428
1021,20260522,480,411
1039,20260522,480,447
1005,20260522,480,440
1037,20260522,480,389
1029,20260522,480,453
1012,20260522,480,494
1028,20260523,480,439
1019,20260523,480,432
1024,20260523,480,456
1033,20260523,480,450
1002,20260523,480,480
1037,20260523,480,448
1017,20260523,480,426
1038,20260523,480,432
1006,20260523,480,422
1005,20260523,480,452
1004,20260523,480,471
1011,20260523,480,452
1016,20260523,480,404
1034,20260523,480,434
1040,20260523,480,412
1010,20260523,480,480
1007,20260524,480,383
1026,20260524,480,451
1035,20260524,480,428
1038,20260524,480,438
1004,20260524,480,421
1033,20260524,480,474
1027,20260524,480,424
1002,20260524,480,450
1037,20260524,480,474
1039,20260524,480,478
1028,20260524,480,410
1023,20260524,480,468
1034,20260524,480,381
1030,20260524,480,439
1005,20260524,480,414
1013,20260524,480,460
